txn_id,account_id,bank_id,amount,currency,timestamp,is_dormant_flag,label
TXN_5000,ACC_268,BANK_UK_02,13145,USD,2026-03-28 11:14:00,0,0
TXN_5001,ACC_140,BANK_BD_01,95550,USD,2026-03-08 22:22:00,0,0
TXN_5002,ACC_106,BANK_BD_02,14364,USD,2026-03-04 09:12:00,0,0
TXN_5003,ACC_225,BANK_BD_02,71649,USD,2026-03-29 11:36:00,0,0
TXN_5004,ACC_155,BANK_UK_02,68334,USD,2026-03-03 05:40:00,0,0
TXN_5005,ACC_149,BANK_UK_02,6384,USD,2026-03-09 16:56:00,0,0
TXN_5006,ACC_176,BANK_BD_02,22500,USD,2026-03-02 11:54:00,0,0
TXN_5007,ACC_157,BANK_BD_02,68805,USD,2026-03-22 20:22:00,0,0
TXN_5008,ACC_117,BANK_BD_02,14256,USD,2026-03-12 15:23:00,0,0
TXN_5009,ACC_142,BANK_BD_02,48048,USD,2026-01-28 12:25:00,0,0
TXN_5010,ACC_177,BANK_BD_01,64818,USD,2026-01-28 00:28:00,0,0
TXN_5011,ACC_129,BANK_BD_02,4488,USD,2026-01-04 06:21:00,0,0
TXN_5012,ACC_264,BANK_UK_02,932,USD,2026-03-20 03:35:00,1,1
TXN_5013,ACC_264,BANK_UK_01,49352,USD,2026-01-08 15:11:00,0,0
TXN_5014,ACC_133,BANK_UK_01,46000,USD,2026-03-28 01:03:00,0,0
TXN_5015,ACC_277,BANK_BD_02,17787,USD,2026-03-23 12:22:00,0,0
TXN_5016,ACC_158,BANK_UK_02,64354,USD,2026-03-17 02:14:00,0,0
TXN_5017,ACC_240,BANK_UK_02,79920,USD,2026-02-26 02:38:00,0,0
TXN_5018,ACC_259,BANK_UK_01,96301,USD,2026-01-28 16:45:00,0,0
TXN_5019,ACC_121,BANK_BD_01,6413,USD,2026-01-05 07:44:00,0,0
TXN_5020,ACC_244,BANK_BD_01,3716,USD,2026-03-24 02:55:00,1,1
TXN_5021,ACC_140,BANK_BD_01,40050,USD,2026-03-29 18:55:00,0,0
TXN_5022,ACC_172,BANK_UK_01,22100,USD,2026-03-30 22:31:00,0,0
TXN_5023,ACC_278,BANK_UK_01,626444,USD,2026-03-12 01:05:00,1,1
TXN_5024,ACC_167,BANK_UK_01,7912,USD,2026-03-07 22:06:00,0,0
TXN_5025,ACC_265,BANK_BD_01,28362,USD,2026-02-18 12:23:00,0,0
TXN_5026,ACC_235,BANK_BD_02,21889,USD,2026-01-04 00:31:00,0,0
TXN_5027,ACC_217,BANK_BD_01,41916,USD,2026-01-08 10:34:00,0,0
TXN_5028,ACC_183,BANK_BD_02,876300,USD,2026-01-31 04:47:00,1,1
TXN_5029,ACC_221,BANK_UK_01,4021134,USD,2026-03-25 06:06:00,1,1
TXN_5030,ACC_143,BANK_BD_02,28012,USD,2026-03-17 23:38:00,0,0
TXN_5031,ACC_127,BANK_BD_01,71412,USD,2026-02-07 03:52:00,0,0
TXN_5032,ACC_109,BANK_UK_01,1318445,USD,2026-01-02 21:05:00,1,1
TXN_5033,ACC_297,BANK_UK_01,13035,USD,2026-03-22 08:20:00,0,0
TXN_5034,ACC_190,BANK_BD_01,5512,USD,2026-01-09 22:51:00,0,0
TXN_5035,ACC_149,BANK_BD_02,2908,USD,2026-01-07 11:57:00,1,1
TXN_5036,ACC_119,BANK_BD_02,74640,USD,2026-02-06 16:01:00,0,0
TXN_5037,ACC_230,BANK_BD_02,1969,USD,2026-03-28 14:19:00,1,1
TXN_5038,ACC_207,BANK_BD_01,26638,USD,2026-02-10 13:35:00,0,0
TXN_5039,ACC_127,BANK_BD_02,94424,USD,2026-01-22 18:35:00,0,0
TXN_5040,ACC_141,BANK_UK_02,17472,USD,2026-01-02 04:35:00,0,0
TXN_5041,ACC_137,BANK_UK_01,87165,USD,2026-02-18 14:59:00,0,0
TXN_5042,ACC_288,BANK_BD_02,47250,USD,2026-01-18 17:27:00,0,0
TXN_5043,ACC_161,BANK_UK_02,23688,USD,2026-03-25 15:10:00,0,0
TXN_5044,ACC_101,BANK_BD_01,56304,USD,2026-02-04 09:09:00,0,0
TXN_5045,ACC_128,BANK_BD_02,26466,USD,2026-01-07 03:28:00,0,0
TXN_5046,ACC_160,BANK_BD_02,27783,USD,2026-02-25 16:07:00,0,0
TXN_5047,ACC_215,BANK_UK_01,56196,USD,2026-02-02 12:26:00,0,0
TXN_5048,ACC_108,BANK_BD_01,17618,USD,2026-01-07 15:53:00,0,0
TXN_5049,ACC_290,BANK_BD_02,12210,USD,2026-03-18 22:36:00,0,0
TXN_5050,ACC_112,BANK_BD_01,13040,USD,2026-01-17 18:33:00,0,0
TXN_5051,ACC_198,BANK_UK_02,81066,USD,2026-02-02 08:37:00,0,0
TXN_5052,ACC_280,BANK_UK_01,19120,USD,2026-04-01 06:34:00,0,0
TXN_5053,ACC_274,BANK_BD_02,57225,USD,2026-02-22 18:24:00,0,0
TXN_5054,ACC_197,BANK_UK_01,43095,USD,2026-02-12 01:55:00,0,0
TXN_5055,ACC_179,BANK_BD_01,43622,USD,2026-01-29 17:47:00,0,0
TXN_5056,ACC_151,BANK_UK_01,61280,USD,2026-01-02 18:33:00,0,0
TXN_5057,ACC_127,BANK_UK_02,5876,USD,2026-04-01 10:03:00,0,0
TXN_5058,ACC_132,BANK_UK_01,69135,USD,2026-02-09 12:27:00,0,0
TXN_5059,ACC_249,BANK_BD_02,67770,USD,2026-01-04 13:46:00,0,0
TXN_5060,ACC_106,BANK_UK_02,50422,USD,2026-03-30 05:29:00,0,0
TXN_5061,ACC_184,BANK_BD_02,88990,USD,2026-02-16 08:27:00,0,0
TXN_5062,ACC_141,BANK_BD_02,26163,USD,2026-02-16 11:59:00,0,0
TXN_5063,ACC_202,BANK_BD_01,21456,USD,2026-02-07 08:06:00,0,0
TXN_5064,ACC_222,BANK_UK_01,21372,USD,2026-03-05 20:38:00,0,0
TXN_5065,ACC_131,BANK_UK_02,29600,USD,2026-02-22 00:47:00,0,0
TXN_5066,ACC_281,BANK_BD_01,63250,USD,2026-02-02 18:31:00,0,0
TXN_5067,ACC_116,BANK_UK_02,27302,USD,2026-03-12 13:21:00,0,0
TXN_5068,ACC_110,BANK_UK_02,27252,USD,2026-02-12 08:35:00,0,0
TXN_5069,ACC_185,BANK_UK_02,13800,USD,2026-02-13 20:35:00,0,0
TXN_5070,ACC_151,BANK_UK_02,26946,USD,2026-02-07 02:37:00,0,0
TXN_5071,ACC_253,BANK_BD_01,4350,USD,2026-02-21 03:40:00,0,0
TXN_5072,ACC_149,BANK_BD_02,38896,USD,2026-01-09 21:05:00,0,0
TXN_5073,ACC_106,BANK_BD_01,43692,USD,2026-03-19 11:18:00,0,0
TXN_5074,ACC_180,BANK_BD_02,1494904,USD,2026-02-24 22:26:00,1,1
TXN_5075,ACC_116,BANK_BD_01,34323,USD,2026-02-12 05:31:00,0,0
TXN_5076,ACC_298,BANK_BD_01,120000,USD,2026-02-25 04:05:00,0,0
TXN_5077,ACC_116,BANK_BD_02,29800,USD,2026-03-01 15:38:00,0,0
TXN_5078,ACC_262,BANK_BD_01,3637440,USD,2026-03-18 17:19:00,1,1
TXN_5079,ACC_237,BANK_BD_01,64860,USD,2026-02-08 21:58:00,0,0
TXN_5080,ACC_196,BANK_UK_02,85277,USD,2026-02-05 14:46:00,0,0
TXN_5081,ACC_191,BANK_BD_02,55742,USD,2026-02-23 18:06:00,0,0
TXN_5082,ACC_244,BANK_BD_02,41412,USD,2026-03-09 00:33:00,0,0
TXN_5083,ACC_105,BANK_UK_02,46695,USD,2026-02-13 07:00:00,0,0
TXN_5084,ACC_142,BANK_BD_01,45816,USD,2026-03-06 02:06:00,0,0
TXN_5085,ACC_105,BANK_UK_01,59940,USD,2026-03-28 05:12:00,0,0
TXN_5086,ACC_238,BANK_UK_02,20889,USD,2026-01-27 16:42:00,0,0
TXN_5087,ACC_109,BANK_BD_02,29727,USD,2026-03-22 06:46:00,0,0
TXN_5088,ACC_282,BANK_UK_01,722142,USD,2026-03-02 06:17:00,1,1
TXN_5089,ACC_292,BANK_UK_01,86944,USD,2026-03-13 17:21:00,0,0
TXN_5090,ACC_160,BANK_UK_02,42288,USD,2026-01-27 02:20:00,0,0
TXN_5091,ACC_196,BANK_UK_02,4590,USD,2026-03-28 12:46:00,0,0
TXN_5092,ACC_292,BANK_UK_01,22338,USD,2026-03-04 08:41:00,0,0
TXN_5093,ACC_238,BANK_BD_01,113680,USD,2026-01-09 22:39:00,0,0
TXN_5094,ACC_145,BANK_BD_02,55347,USD,2026-03-13 14:31:00,0,0
TXN_5095,ACC_274,BANK_BD_01,45708,USD,2026-01-20 18:26:00,0,0
TXN_5096,ACC_134,BANK_BD_02,3119144,USD,2026-01-07 14:11:00,1,1
TXN_5097,ACC_162,BANK_UK_02,2544,USD,2026-01-29 03:51:00,1,1
TXN_5098,ACC_114,BANK_UK_02,108960,USD,2026-03-29 13:03:00,0,0
TXN_5099,ACC_283,BANK_UK_02,45024,USD,2026-01-04 17:47:00,0,0
TXN_5100,ACC_150,BANK_BD_01,35560,USD,2026-01-22 12:10:00,0,0
TXN_5101,ACC_115,BANK_BD_02,21978,USD,2026-03-20 16:19:00,0,0
TXN_5102,ACC_273,BANK_BD_02,5216,USD,2026-01-20 22:05:00,0,0
TXN_5103,ACC_149,BANK_BD_02,42016,USD,2026-02-02 13:10:00,0,0
TXN_5104,ACC_266,BANK_BD_01,24912,USD,2026-01-02 22:48:00,0,0
TXN_5105,ACC_237,BANK_UK_01,42592,USD,2026-01-04 06:32:00,0,0
TXN_5106,ACC_180,BANK_BD_01,29040,USD,2026-02-25 10:04:00,0,0
TXN_5107,ACC_180,BANK_UK_01,77056,USD,2026-01-02 12:23:00,0,0
TXN_5108,ACC_122,BANK_UK_02,19140,USD,2026-01-02 14:15:00,0,0
TXN_5109,ACC_246,BANK_BD_01,3672,USD,2026-02-03 09:22:00,0,0
TXN_5110,ACC_274,BANK_UK_02,38080,USD,2026-01-10 12:03:00,0,0
TXN_5111,ACC_278,BANK_BD_02,39644,USD,2026-01-21 04:04:00,0,0
TXN_5112,ACC_117,BANK_UK_02,48444,USD,2026-03-13 00:30:00,0,0
TXN_5113,ACC_132,BANK_BD_02,44256,USD,2026-03-09 13:09:00,0,0
TXN_5114,ACC_183,BANK_BD_01,11577,USD,2026-01-07 05:10:00,0,0
TXN_5115,ACC_174,BANK_BD_02,35420,USD,2026-04-01 02:41:00,0,0
TXN_5116,ACC_256,BANK_UK_01,1539567,USD,2026-01-04 17:38:00,1,1
TXN_5117,ACC_276,BANK_BD_02,44370,USD,2026-03-27 09:21:00,0,0
TXN_5118,ACC_245,BANK_UK_01,29756,USD,2026-02-27 15:26:00,0,0
TXN_5119,ACC_149,BANK_UK_01,52290,USD,2026-01-19 12:24:00,0,0
TXN_5120,ACC_138,BANK_BD_02,42975,USD,2026-03-09 13:09:00,0,0
TXN_5121,ACC_297,BANK_BD_01,43704,USD,2026-02-16 02:43:00,0,0
TXN_5122,ACC_180,BANK_UK_01,87132,USD,2026-01-17 18:12:00,0,0
TXN_5123,ACC_176,BANK_BD_01,34918,USD,2026-02-14 04:09:00,0,0
TXN_5124,ACC_295,BANK_UK_02,3888,USD,2026-03-27 15:14:00,0,0
TXN_5125,ACC_257,BANK_BD_02,95368,USD,2026-03-04 00:57:00,0,0
TXN_5126,ACC_297,BANK_UK_01,31978,USD,2026-01-23 22:32:00,0,0
TXN_5127,ACC_206,BANK_UK_01,4563,USD,2026-02-18 22:57:00,1,1
TXN_5128,ACC_222,BANK_UK_02,14274,USD,2026-03-15 10:55:00,0,0
TXN_5129,ACC_181,BANK_BD_01,2556,USD,2026-01-19 11:20:00,1,1
TXN_5130,ACC_107,BANK_UK_01,9308,USD,2026-02-09 06:48:00,0,0
TXN_5131,ACC_252,BANK_BD_01,30960,USD,2026-01-12 02:29:00,0,0
TXN_5132,ACC_110,BANK_BD_01,61072,USD,2026-03-18 07:12:00,0,0
TXN_5133,ACC_213,BANK_BD_01,3616471,USD,2026-02-02 17:35:00,1,1
TXN_5134,ACC_190,BANK_BD_02,95460,USD,2026-03-24 15:05:00,0,0
TXN_5135,ACC_158,BANK_UK_01,7544,USD,2026-03-26 11:56:00,1,1
TXN_5136,ACC_259,BANK_BD_02,50690,USD,2026-03-12 18:38:00,0,0
TXN_5137,ACC_259,BANK_BD_02,9786,USD,2026-02-25 11:38:00,0,0
TXN_5138,ACC_271,BANK_UK_02,27360,USD,2026-03-22 23:36:00,0,0
TXN_5139,ACC_108,BANK_UK_01,2254,USD,2026-02-26 17:06:00,1,1
TXN_5140,ACC_239,BANK_UK_02,49808,USD,2026-01-14 01:44:00,0,0
TXN_5141,ACC_214,BANK_UK_02,16960,USD,2026-01-05 21:06:00,0,0
TXN_5142,ACC_121,BANK_UK_02,26758,USD,2026-02-14 02:45:00,0,0
TXN_5143,ACC_277,BANK_UK_02,2496,USD,2026-01-28 23:21:00,0,0
TXN_5144,ACC_105,BANK_UK_02,16646,USD,2026-03-04 18:15:00,0,0
TXN_5145,ACC_150,BANK_UK_02,63504,USD,2026-02-09 08:41:00,0,0
TXN_5146,ACC_163,BANK_UK_02,30940,USD,2026-01-05 16:41:00,0,0
TXN_5147,ACC_260,BANK_UK_01,47790,USD,2026-02-28 22:25:00,0,0
TXN_5148,ACC_250,BANK_UK_02,65250,USD,2026-02-22 23:16:00,0,0
TXN_5149,ACC_167,BANK_BD_02,32595,USD,2026-01-08 13:29:00,0,0
TXN_5150,ACC_233,BANK_UK_02,82733,USD,2026-01-12 20:31:00,0,0
TXN_5151,ACC_287,BANK_UK_02,47544,USD,2026-02-26 17:33:00,0,0
TXN_5152,ACC_178,BANK_BD_01,97053,USD,2026-01-14 00:28:00,0,0
TXN_5153,ACC_163,BANK_UK_01,8729,USD,2026-02-21 04:10:00,0,0
TXN_5154,ACC_281,BANK_BD_02,36478,USD,2026-01-26 21:24:00,0,0
TXN_5155,ACC_146,BANK_UK_01,59796,USD,2026-01-18 08:23:00,0,0
TXN_5156,ACC_127,BANK_UK_01,20808,USD,2026-03-01 15:36:00,0,0
TXN_5157,ACC_259,BANK_UK_02,22000,USD,2026-02-10 01:19:00,0,0
TXN_5158,ACC_177,BANK_BD_01,40137,USD,2026-03-23 21:15:00,0,0
TXN_5159,ACC_211,BANK_UK_01,7614,USD,2026-03-13 06:31:00,0,0
TXN_5160,ACC_110,BANK_UK_02,79581,USD,2026-01-02 10:07:00,0,0
TXN_5161,ACC_259,BANK_UK_01,1252216,USD,2026-02-14 04:17:00,1,1
TXN_5162,ACC_198,BANK_UK_01,49660,USD,2026-03-16 16:43:00,0,0
TXN_5163,ACC_212,BANK_BD_02,65520,USD,2026-03-11 22:51:00,0,0
TXN_5164,ACC_144,BANK_BD_01,29300,USD,2026-03-06 14:52:00,0,0
TXN_5165,ACC_105,BANK_BD_02,32800,USD,2026-02-14 14:25:00,0,0
TXN_5166,ACC_258,BANK_BD_02,38420,USD,2026-01-11 10:29:00,0,0
TXN_5167,ACC_212,BANK_UK_01,2540516,USD,2026-02-15 22:56:00,1,1
TXN_5168,ACC_212,BANK_BD_01,77039,USD,2026-01-24 13:50:00,0,0
TXN_5169,ACC_248,BANK_BD_01,45838,USD,2026-01-07 23:55:00,0,0
TXN_5170,ACC_142,BANK_UK_01,37622,USD,2026-02-28 10:57:00,0,0
TXN_5171,ACC_220,BANK_BD_01,10994,USD,2026-02-20 00:36:00,0,0
TXN_5172,ACC_233,BANK_BD_01,21280,USD,2026-02-17 11:54:00,0,0
TXN_5173,ACC_288,BANK_BD_02,14325,USD,2026-03-21 10:23:00,0,0
TXN_5174,ACC_132,BANK_UK_01,6440,USD,2026-02-11 07:39:00,1,1
TXN_5175,ACC_220,BANK_UK_02,38640,USD,2026-01-16 21:45:00,0,0
TXN_5176,ACC_257,BANK_UK_02,2864488,USD,2026-03-28 05:07:00,1,1
TXN_5177,ACC_155,BANK_UK_01,80685,USD,2026-02-23 23:23:00,0,0
TXN_5178,ACC_176,BANK_BD_01,49543,USD,2026-03-20 20:39:00,0,0
TXN_5179,ACC_267,BANK_UK_02,31360,USD,2026-02-23 13:30:00,0,0
TXN_5180,ACC_171,BANK_UK_01,3040,USD,2026-02-22 14:09:00,1,1
TXN_5181,ACC_166,BANK_UK_02,44428,USD,2026-02-22 18:06:00,0,0
TXN_5182,ACC_239,BANK_UK_01,13554,USD,2026-01-01 06:44:00,0,0
TXN_5183,ACC_224,BANK_BD_02,23232,USD,2026-01-08 14:55:00,0,0
TXN_5184,ACC_110,BANK_BD_01,6407,USD,2026-01-10 09:26:00,0,0
TXN_5185,ACC_249,BANK_BD_01,2309790,USD,2026-03-17 15:25:00,1,1
TXN_5186,ACC_128,BANK_UK_02,2265,USD,2026-03-03 09:52:00,1,1
TXN_5187,ACC_148,BANK_UK_02,5864,USD,2026-03-25 00:44:00,1,1
TXN_5188,ACC_142,BANK_UK_01,13632,USD,2026-03-07 18:01:00,0,0
TXN_5189,ACC_107,BANK_BD_01,3032778,USD,2026-01-26 19:12:00,1,1
TXN_5190,ACC_193,BANK_BD_02,27268,USD,2026-02-13 03:21:00,0,0
TXN_5191,ACC_242,BANK_BD_01,3725172,USD,2026-03-09 07:42:00,1,1
TXN_5192,ACC_201,BANK_UK_01,100856,USD,2026-03-08 16:47:00,0,0
TXN_5193,ACC_295,BANK_UK_01,76356,USD,2026-03-26 19:58:00,0,0
TXN_5194,ACC_194,BANK_UK_02,109984,USD,2026-02-07 13:00:00,0,0
TXN_5195,ACC_142,BANK_BD_02,65104,USD,2026-03-28 13:07:00,0,0
TXN_5196,ACC_160,BANK_BD_02,48024,USD,2026-01-20 15:30:00,0,0
TXN_5197,ACC_120,BANK_BD_01,36478,USD,2026-03-08 01:28:00,0,0
TXN_5198,ACC_175,BANK_BD_02,1648,USD,2026-02-16 18:41:00,0,0
TXN_5199,ACC_131,BANK_UK_02,37011,USD,2026-03-01 16:07:00,0,0
TXN_5200,ACC_253,BANK_UK_01,16635,USD,2026-01-25 18:55:00,0,0
TXN_5201,ACC_277,BANK_UK_02,12152,USD,2026-03-19 13:44:00,0,0
TXN_5202,ACC_225,BANK_BD_01,1425440,USD,2026-02-08 11:48:00,1,1
TXN_5203,ACC_241,BANK_UK_01,23232,USD,2026-01-29 23:45:00,0,0
TXN_5204,ACC_159,BANK_UK_01,30000,USD,2026-01-23 13:46:00,0,0
TXN_5205,ACC_117,BANK_BD_02,30672,USD,2026-01-05 09:14:00,0,0
TXN_5206,ACC_233,BANK_BD_02,16920,USD,2026-02-26 05:51:00,0,0
TXN_5207,ACC_264,BANK_BD_01,27650,USD,2026-03-10 23:18:00,0,0
TXN_5208,ACC_185,BANK_BD_02,62370,USD,2026-01-17 16:20:00,0,0
TXN_5209,ACC_185,BANK_BD_01,3345848,USD,2026-01-17 07:50:00,1,1
TXN_5210,ACC_173,BANK_BD_01,30134,USD,2026-03-26 10:52:00,0,0
TXN_5211,ACC_253,BANK_BD_01,47552,USD,2026-01-28 07:28:00,0,0
TXN_5212,ACC_239,BANK_BD_01,25965,USD,2026-02-26 14:28:00,0,0
TXN_5213,ACC_214,BANK_UK_01,39707,USD,2026-01-26 10:17:00,0,0
TXN_5214,ACC_101,BANK_BD_01,14055,USD,2026-03-29 20:41:00,0,0
TXN_5215,ACC_258,BANK_UK_02,32340,USD,2026-03-04 21:57:00,0,0
TXN_5216,ACC_278,BANK_UK_02,16711,USD,2026-03-22 21:50:00,0,0
TXN_5217,ACC_265,BANK_BD_01,64124,USD,2026-03-22 06:03:00,0,0
TXN_5218,ACC_226,BANK_BD_01,74235,USD,2026-01-07 23:26:00,0,0
TXN_5219,ACC_146,BANK_BD_01,12352,USD,2026-03-01 22:41:00,0,0
TXN_5220,ACC_180,BANK_BD_02,48840,USD,2026-01-21 03:11:00,0,0
TXN_5221,ACC_160,BANK_BD_02,64844,USD,2026-02-17 11:29:00,0,0
TXN_5222,ACC_105,BANK_UK_02,8565,USD,2026-02-09 02:21:00,0,0
TXN_5223,ACC_231,BANK_UK_02,16555,USD,2026-03-23 07:49:00,0,0
TXN_5224,ACC_170,BANK_UK_01,43424,USD,2026-03-15 05:03:00,0,0
TXN_5225,ACC_215,BANK_UK_01,50386,USD,2026-03-06 06:40:00,0,0
TXN_5226,ACC_243,BANK_UK_01,60621,USD,2026-02-08 22:40:00,0,0
TXN_5227,ACC_116,BANK_UK_02,59619,USD,2026-01-30 00:14:00,0,0
TXN_5228,ACC_142,BANK_UK_01,68760,USD,2026-01-06 06:46:00,0,0
TXN_5229,ACC_271,BANK_BD_01,23504,USD,2026-03-09 08:26:00,0,0
TXN_5230,ACC_125,BANK_UK_02,22520,USD,2026-03-29 18:04:00,0,0
TXN_5231,ACC_166,BANK_BD_01,2739632,USD,2026-01-07 17:19:00,1,1
TXN_5232,ACC_275,BANK_BD_01,9384,USD,2026-01-28 14:27:00,0,0
TXN_5233,ACC_135,BANK_BD_02,622370,USD,2026-03-21 20:57:00,1,1
TXN_5234,ACC_191,BANK_BD_02,5490,USD,2026-03-03 07:23:00,0,0
TXN_5235,ACC_121,BANK_UK_02,7540,USD,2026-03-04 16:54:00,0,0
TXN_5236,ACC_125,BANK_BD_02,42050,USD,2026-03-28 03:41:00,0,0
TXN_5237,ACC_289,BANK_UK_02,1399440,USD,2026-01-03 16:20:00,1,1
TXN_5238,ACC_209,BANK_BD_02,74828,USD,2026-03-16 16:20:00,0,0
TXN_5239,ACC_204,BANK_BD_01,18791,USD,2026-01-05 11:41:00,0,0
TXN_5240,ACC_216,BANK_UK_02,52440,USD,2026-02-23 06:20:00,0,0
TXN_5241,ACC_190,BANK_UK_01,21315,USD,2026-01-15 00:54:00,0,0
TXN_5242,ACC_233,BANK_UK_02,52920,USD,2026-02-04 12:17:00,0,0
TXN_5243,ACC_108,BANK_BD_02,91155,USD,2026-01-22 00:12:00,0,0
TXN_5244,ACC_202,BANK_UK_02,26620,USD,2026-03-21 18:42:00,0,0
TXN_5245,ACC_203,BANK_UK_01,22748,USD,2026-03-04 05:12:00,0,0
TXN_5246,ACC_191,BANK_BD_02,26946,USD,2026-02-15 19:55:00,0,0
TXN_5247,ACC_185,BANK_BD_01,28845,USD,2026-01-16 13:04:00,0,0
TXN_5248,ACC_282,BANK_UK_02,24459,USD,2026-03-27 13:03:00,0,0
TXN_5249,ACC_172,BANK_UK_01,53812,USD,2026-03-26 17:18:00,0,0
TXN_5250,ACC_112,BANK_BD_02,16524,USD,2026-03-09 14:14:00,0,0
TXN_5251,ACC_142,BANK_UK_01,20020,USD,2026-01-06 00:15:00,0,0
TXN_5252,ACC_217,BANK_UK_02,9256,USD,2026-02-27 18:31:00,0,0
TXN_5253,ACC_268,BANK_BD_01,21709,USD,2026-03-10 09:03:00,0,0
TXN_5254,ACC_144,BANK_BD_02,21303,USD,2026-03-03 19:43:00,0,0
TXN_5255,ACC_134,BANK_BD_01,77616,USD,2026-03-26 07:15:00,0,0
TXN_5256,ACC_123,BANK_UK_02,16300,USD,2026-03-04 03:33:00,0,0
TXN_5257,ACC_181,BANK_UK_02,53760,USD,2026-03-05 19:10:00,0,0
TXN_5258,ACC_163,BANK_BD_01,5400,USD,2026-03-20 13:54:00,0,0
TXN_5259,ACC_129,BANK_BD_01,14732,USD,2026-01-19 13:01:00,0,0
TXN_5260,ACC_271,BANK_BD_01,34320,USD,2026-03-28 22:11:00,0,0
TXN_5261,ACC_209,BANK_UK_01,1140053,USD,2026-01-26 14:24:00,1,1
TXN_5262,ACC_208,BANK_BD_02,20178,USD,2026-03-22 06:54:00,0,0
TXN_5263,ACC_198,BANK_BD_02,5060,USD,2026-02-24 16:55:00,1,1
TXN_5264,ACC_101,BANK_UK_02,47600,USD,2026-03-02 04:43:00,0,0
TXN_5265,ACC_205,BANK_UK_02,26001,USD,2026-03-02 09:24:00,0,0
TXN_5266,ACC_286,BANK_UK_02,3694068,USD,2026-03-14 02:47:00,1,1
TXN_5267,ACC_285,BANK_UK_01,35721,USD,2026-01-24 14:55:00,0,0
TXN_5268,ACC_299,BANK_BD_02,7560,USD,2026-03-22 18:16:00,0,0
TXN_5269,ACC_192,BANK_UK_02,2447704,USD,2026-01-13 15:21:00,1,1
TXN_5270,ACC_131,BANK_UK_01,19740,USD,2026-02-06 02:30:00,0,0
TXN_5271,ACC_177,BANK_BD_01,3836205,USD,2026-02-08 00:32:00,1,1
TXN_5272,ACC_114,BANK_BD_01,31919,USD,2026-02-16 20:59:00,0,0
TXN_5273,ACC_249,BANK_UK_02,5390,USD,2026-03-11 12:32:00,1,1
TXN_5274,ACC_220,BANK_BD_01,34317,USD,2026-01-29 03:12:00,0,0
TXN_5275,ACC_221,BANK_BD_02,39173,USD,2026-01-23 04:58:00,0,0
TXN_5276,ACC_264,BANK_UK_01,113316,USD,2026-02-23 21:07:00,0,0
TXN_5277,ACC_176,BANK_UK_01,7860,USD,2026-01-20 22:55:00,0,0
TXN_5278,ACC_241,BANK_BD_02,55389,USD,2026-01-29 18:37:00,0,0
TXN_5279,ACC_230,BANK_BD_01,38691,USD,2026-03-01 09:36:00,0,0
TXN_5280,ACC_192,BANK_BD_01,8400,USD,2026-01-21 12:26:00,0,0
TXN_5281,ACC_256,BANK_BD_02,76380,USD,2026-01-09 06:58:00,0,0
TXN_5282,ACC_288,BANK_UK_02,6358,USD,2026-03-08 20:07:00,0,0
TXN_5283,ACC_146,BANK_UK_02,3825680,USD,2026-02-13 00:52:00,1,1
TXN_5284,ACC_173,BANK_UK_02,1179612,USD,2026-03-02 06:36:00,1,1
TXN_5285,ACC_211,BANK_UK_02,53955,USD,2026-02-11 21:51:00,0,0
TXN_5286,ACC_190,BANK_BD_01,17226,USD,2026-01-11 02:22:00,0,0
TXN_5287,ACC_273,BANK_UK_02,31728,USD,2026-02-09 20:15:00,0,0
TXN_5288,ACC_218,BANK_UK_01,2350131,USD,2026-03-14 08:39:00,1,1
TXN_5289,ACC_239,BANK_BD_02,60606,USD,2026-02-02 13:48:00,0,0
TXN_5290,ACC_236,BANK_UK_01,99550,USD,2026-01-31 17:37:00,0,0
TXN_5291,ACC_222,BANK_UK_01,1171896,USD,2026-01-21 18:28:00,1,1
TXN_5292,ACC_219,BANK_BD_01,50148,USD,2026-02-13 15:33:00,0,0
TXN_5293,ACC_299,BANK_UK_02,1904,USD,2026-01-02 00:21:00,1,1
TXN_5294,ACC_166,BANK_BD_01,74214,USD,2026-01-14 08:30:00,0,0
TXN_5295,ACC_101,BANK_UK_01,16337,USD,2026-02-23 22:07:00,0,0
TXN_5296,ACC_192,BANK_BD_02,97656,USD,2026-01-31 20:52:00,0,0
TXN_5297,ACC_159,BANK_UK_02,26880,USD,2026-03-25 09:50:00,0,0
TXN_5298,ACC_209,BANK_UK_01,7876,USD,2026-01-31 23:11:00,0,0
TXN_5299,ACC_294,BANK_BD_02,11682,USD,2026-01-04 22:36:00,0,0
TXN_5300,ACC_185,BANK_BD_02,5778,USD,2026-03-04 17:37:00,0,0
TXN_5301,ACC_216,BANK_UK_02,9635,USD,2026-01-23 14:19:00,1,1
TXN_5302,ACC_273,BANK_BD_02,61975,USD,2026-03-31 00:32:00,0,0
TXN_5303,ACC_208,BANK_BD_02,56052,USD,2026-01-24 09:27:00,0,0
TXN_5304,ACC_211,BANK_UK_02,936840,USD,2026-01-28 07:10:00,1,1
TXN_5305,ACC_212,BANK_BD_02,31878,USD,2026-01-04 05:52:00,0,0
TXN_5306,ACC_220,BANK_UK_02,35620,USD,2026-04-01 19:47:00,0,0
TXN_5307,ACC_123,BANK_UK_02,41244,USD,2026-03-28 20:33:00,0,0
TXN_5308,ACC_236,BANK_BD_02,4320,USD,2026-01-19 20:59:00,0,0
TXN_5309,ACC_164,BANK_UK_02,64158,USD,2026-02-06 18:32:00,0,0
TXN_5310,ACC_295,BANK_BD_01,2900583,USD,2026-02-23 18:30:00,1,1
TXN_5311,ACC_115,BANK_BD_02,38130,USD,2026-01-29 05:03:00,0,0
TXN_5312,ACC_199,BANK_UK_01,13881,USD,2026-01-19 03:53:00,0,0
TXN_5313,ACC_250,BANK_UK_02,34840,USD,2026-01-05 10:39:00,0,0
TXN_5314,ACC_251,BANK_BD_01,11495,USD,2026-02-24 02:02:00,0,0
TXN_5315,ACC_117,BANK_BD_01,21720,USD,2026-01-21 20:03:00,0,0
TXN_5316,ACC_278,BANK_UK_01,9800,USD,2026-02-11 05:14:00,0,0
TXN_5317,ACC_290,BANK_UK_01,8216,USD,2026-02-04 16:49:00,0,0
TXN_5318,ACC_135,BANK_BD_01,25324,USD,2026-02-12 21:46:00,0,0
TXN_5319,ACC_175,BANK_BD_01,75637,USD,2026-03-06 09:02:00,0,0
TXN_5320,ACC_158,BANK_UK_02,4263,USD,2026-02-07 06:52:00,0,0
TXN_5321,ACC_281,BANK_BD_01,32960,USD,2026-03-28 09:45:00,0,0
TXN_5322,ACC_178,BANK_BD_01,2325,USD,2026-02-11 02:23:00,0,0
TXN_5323,ACC_215,BANK_BD_01,69967,USD,2026-01-25 02:30:00,0,0
TXN_5324,ACC_275,BANK_BD_02,28014,USD,2026-01-22 23:32:00,0,0
TXN_5325,ACC_239,BANK_BD_01,10974,USD,2026-03-07 17:58:00,0,0
TXN_5326,ACC_294,BANK_BD_01,23432,USD,2026-01-28 22:52:00,0,0
TXN_5327,ACC_196,BANK_BD_01,66885,USD,2026-03-03 14:29:00,0,0
TXN_5328,ACC_184,BANK_BD_02,890114,USD,2026-02-23 10:01:00,1,1
TXN_5329,ACC_133,BANK_UK_01,46050,USD,2026-02-12 18:02:00,0,0
TXN_5330,ACC_243,BANK_BD_01,26792,USD,2026-02-04 17:23:00,0,0
TXN_5331,ACC_209,BANK_BD_02,59512,USD,2026-03-17 14:26:00,0,0
TXN_5332,ACC_248,BANK_BD_01,2975,USD,2026-01-21 16:52:00,1,1
TXN_5333,ACC_251,BANK_BD_02,69256,USD,2026-01-18 08:26:00,0,0
TXN_5334,ACC_226,BANK_BD_02,838488,USD,2026-02-25 00:26:00,1,1
TXN_5335,ACC_271,BANK_BD_02,93520,USD,2026-02-07 20:26:00,0,0
TXN_5336,ACC_261,BANK_BD_02,36120,USD,2026-01-30 03:56:00,0,0
TXN_5337,ACC_135,BANK_BD_02,8604,USD,2026-01-26 02:30:00,0,0
TXN_5338,ACC_162,BANK_BD_01,47725,USD,2026-01-14 08:15:00,0,0
TXN_5339,ACC_139,BANK_UK_02,6566,USD,2026-03-31 07:18:00,0,0
TXN_5340,ACC_283,BANK_BD_01,25808,USD,2026-03-31 15:28:00,0,0
TXN_5341,ACC_297,BANK_UK_01,15466,USD,2026-01-15 16:32:00,0,0
TXN_5342,ACC_106,BANK_BD_01,1062525,USD,2026-01-05 17:46:00,1,1
TXN_5343,ACC_199,BANK_UK_01,25346,USD,2026-02-27 17:07:00,0,0
TXN_5344,ACC_158,BANK_UK_01,16060,USD,2026-03-06 03:13:00,0,0
TXN_5345,ACC_281,BANK_UK_01,3082,USD,2026-01-23 19:44:00,0,0
TXN_5346,ACC_236,BANK_BD_01,35055,USD,2026-02-23 15:10:00,0,0
TXN_5347,ACC_201,BANK_UK_02,25690,USD,2026-01-30 20:13:00,0,0
TXN_5348,ACC_147,BANK_BD_02,6900,USD,2026-02-16 09:33:00,0,0
TXN_5349,ACC_221,BANK_UK_01,42744,USD,2026-01-31 05:07:00,0,0
TXN_5350,ACC_123,BANK_UK_02,13675,USD,2026-02-22 02:18:00,0,0
TXN_5351,ACC_132,BANK_UK_02,69700,USD,2026-01-11 05:30:00,0,0
TXN_5352,ACC_129,BANK_UK_01,51350,USD,2026-02-23 01:20:00,0,0
TXN_5353,ACC_258,BANK_BD_01,16500,USD,2026-03-11 19:56:00,0,0
TXN_5354,ACC_233,BANK_UK_01,19624,USD,2026-02-08 20:08:00,0,0
TXN_5355,ACC_176,BANK_BD_02,29264,USD,2026-02-21 20:48:00,0,0
TXN_5356,ACC_232,BANK_BD_01,22236,USD,2026-01-09 17:06:00,0,0
TXN_5357,ACC_269,BANK_BD_02,884152,USD,2026-01-16 17:31:00,1,1
TXN_5358,ACC_208,BANK_UK_02,89760,USD,2026-01-07 23:47:00,0,0
TXN_5359,ACC_245,BANK_BD_02,57592,USD,2026-03-22 10:15:00,0,0
TXN_5360,ACC_272,BANK_UK_01,91238,USD,2026-03-16 13:57:00,0,0
TXN_5361,ACC_253,BANK_UK_02,416898,USD,2026-03-27 23:00:00,1,1
TXN_5362,ACC_200,BANK_BD_02,31556,USD,2026-01-24 03:16:00,0,0
TXN_5363,ACC_189,BANK_BD_02,27028,USD,2026-01-20 20:30:00,0,0
TXN_5364,ACC_232,BANK_BD_01,25346,USD,2026-03-28 23:54:00,0,0
TXN_5365,ACC_214,BANK_UK_01,24090,USD,2026-02-26 00:06:00,0,0
TXN_5366,ACC_248,BANK_BD_01,66010,USD,2026-02-28 18:22:00,0,0
TXN_5367,ACC_171,BANK_BD_01,8700,USD,2026-03-21 13:31:00,0,0
TXN_5368,ACC_103,BANK_UK_01,31008,USD,2026-03-16 03:38:00,0,0
TXN_5369,ACC_250,BANK_UK_02,29822,USD,2026-01-31 10:36:00,0,0
TXN_5370,ACC_294,BANK_BD_01,7482,USD,2026-01-20 14:19:00,0,0
TXN_5371,ACC_246,BANK_BD_02,31200,USD,2026-03-22 21:02:00,0,0
TXN_5372,ACC_137,BANK_BD_01,26785,USD,2026-02-01 10:52:00,0,0
TXN_5373,ACC_258,BANK_BD_02,1904,USD,2026-03-24 04:52:00,0,0
TXN_5374,ACC_269,BANK_UK_01,9553,USD,2026-02-23 13:48:00,0,0
TXN_5375,ACC_207,BANK_BD_01,59899,USD,2026-01-28 06:45:00,0,0
TXN_5376,ACC_205,BANK_BD_02,28305,USD,2026-01-01 06:17:00,0,0
TXN_5377,ACC_165,BANK_UK_01,74734,USD,2026-02-13 15:13:00,0,0
TXN_5378,ACC_188,BANK_UK_02,28951,USD,2026-01-13 03:40:00,0,0
TXN_5379,ACC_176,BANK_BD_02,22880,USD,2026-01-18 19:33:00,0,0
TXN_5380,ACC_177,BANK_BD_01,62244,USD,2026-02-15 13:41:00,0,0
TXN_5381,ACC_296,BANK_UK_01,14832,USD,2026-01-26 00:47:00,0,0
TXN_5382,ACC_141,BANK_UK_01,6160,USD,2026-01-07 06:01:00,0,0
TXN_5383,ACC_296,BANK_BD_01,47190,USD,2026-03-10 05:06:00,0,0
TXN_5384,ACC_134,BANK_UK_02,110432,USD,2026-03-15 07:25:00,0,0
TXN_5385,ACC_113,BANK_BD_01,49024,USD,2026-03-12 08:54:00,0,0
TXN_5386,ACC_282,BANK_UK_01,110566,USD,2026-03-07 23:43:00,0,0
TXN_5387,ACC_278,BANK_BD_02,12136,USD,2026-01-21 23:40:00,0,0
TXN_5388,ACC_124,BANK_BD_02,15548,USD,2026-03-11 13:33:00,0,0
TXN_5389,ACC_195,BANK_BD_01,86184,USD,2026-03-23 04:07:00,0,0
TXN_5390,ACC_162,BANK_UK_02,28266,USD,2026-01-26 16:51:00,0,0
TXN_5391,ACC_221,BANK_UK_01,52065,USD,2026-03-10 09:52:00,0,0
TXN_5392,ACC_176,BANK_UK_01,22016,USD,2026-02-14 07:43:00,0,0
TXN_5393,ACC_130,BANK_BD_02,6850,USD,2026-01-06 12:26:00,1,1
TXN_5394,ACC_243,BANK_BD_01,4920,USD,2026-01-14 00:38:00,0,0
TXN_5395,ACC_120,BANK_BD_01,48807,USD,2026-01-18 07:28:00,0,0
TXN_5396,ACC_183,BANK_UK_01,13600,USD,2026-02-05 16:18:00,0,0
TXN_5397,ACC_262,BANK_BD_01,40200,USD,2026-02-15 05:25:00,0,0
TXN_5398,ACC_250,BANK_UK_01,44100,USD,2026-01-30 14:39:00,0,0
TXN_5399,ACC_108,BANK_UK_01,44268,USD,2026-01-06 14:34:00,0,0
TXN_5400,ACC_185,BANK_UK_01,68950,USD,2026-02-16 23:29:00,0,0
TXN_5401,ACC_168,BANK_BD_01,80190,USD,2026-02-03 16:38:00,0,0
TXN_5402,ACC_185,BANK_UK_01,68560,USD,2026-01-09 05:48:00,0,0
TXN_5403,ACC_128,BANK_BD_02,51184,USD,2026-02-15 19:21:00,0,0
TXN_5404,ACC_148,BANK_BD_01,32648,USD,2026-02-10 09:51:00,0,0
TXN_5405,ACC_214,BANK_BD_02,32938,USD,2026-03-30 08:10:00,0,0
TXN_5406,ACC_144,BANK_UK_02,32697,USD,2026-01-17 11:00:00,0,0
TXN_5407,ACC_120,BANK_UK_02,86761,USD,2026-01-03 08:52:00,0,0
TXN_5408,ACC_230,BANK_BD_01,76596,USD,2026-03-03 00:25:00,0,0
TXN_5409,ACC_224,BANK_BD_01,78114,USD,2026-03-05 23:31:00,0,0
TXN_5410,ACC_249,BANK_BD_02,1361164,USD,2026-02-20 21:27:00,1,1
TXN_5411,ACC_101,BANK_BD_02,93906,USD,2026-01-02 20:19:00,0,0
TXN_5412,ACC_144,BANK_BD_01,5764,USD,2026-03-30 16:05:00,0,0
TXN_5413,ACC_201,BANK_UK_02,84548,USD,2026-03-14 06:29:00,0,0
TXN_5414,ACC_234,BANK_BD_02,91728,USD,2026-03-29 03:22:00,0,0
TXN_5415,ACC_274,BANK_UK_02,27900,USD,2026-03-15 09:38:00,0,0
TXN_5416,ACC_255,BANK_UK_02,21692,USD,2026-03-06 02:09:00,0,0
TXN_5417,ACC_274,BANK_BD_02,20349,USD,2026-02-06 20:31:00,0,0
TXN_5418,ACC_117,BANK_BD_02,49520,USD,2026-03-06 05:03:00,0,0
TXN_5419,ACC_138,BANK_BD_02,2984,USD,2026-01-07 15:28:00,1,1
TXN_5420,ACC_170,BANK_UK_02,85860,USD,2026-03-03 19:11:00,0,0
TXN_5421,ACC_124,BANK_BD_01,12309,USD,2026-02-06 02:41:00,0,0
TXN_5422,ACC_122,BANK_BD_01,114165,USD,2026-01-03 15:52:00,0,0
TXN_5423,ACC_252,BANK_BD_02,71200,USD,2026-01-22 12:44:00,0,0
TXN_5424,ACC_282,BANK_BD_02,43884,USD,2026-03-12 22:03:00,0,0
TXN_5425,ACC_110,BANK_UK_02,15288,USD,2026-02-09 07:03:00,0,0
TXN_5426,ACC_280,BANK_BD_01,18920,USD,2026-01-14 18:00:00,0,0
TXN_5427,ACC_211,BANK_UK_01,35929,USD,2026-01-20 12:19:00,0,0
TXN_5428,ACC_123,BANK_BD_01,15170,USD,2026-03-08 12:27:00,0,0
TXN_5429,ACC_136,BANK_UK_01,3233835,USD,2026-01-14 19:43:00,1,1
TXN_5430,ACC_172,BANK_BD_02,28348,USD,2026-01-28 06:52:00,0,0
TXN_5431,ACC_185,BANK_UK_01,17138,USD,2026-03-21 04:02:00,0,0
TXN_5432,ACC_280,BANK_UK_01,23659,USD,2026-03-20 00:30:00,0,0
TXN_5433,ACC_171,BANK_UK_01,67821,USD,2026-02-03 16:23:00,0,0
TXN_5434,ACC_176,BANK_BD_02,59202,USD,2026-01-14 07:26:00,0,0
TXN_5435,ACC_166,BANK_BD_01,100984,USD,2026-03-29 02:13:00,0,0
TXN_5436,ACC_153,BANK_BD_01,26082,USD,2026-02-09 07:40:00,0,0
TXN_5437,ACC_282,BANK_BD_01,28333,USD,2026-03-28 18:26:00,0,0
TXN_5438,ACC_288,BANK_UK_01,23653,USD,2026-03-31 01:22:00,0,0
TXN_5439,ACC_166,BANK_UK_01,5540,USD,2026-02-06 12:15:00,0,0
TXN_5440,ACC_229,BANK_UK_02,41769,USD,2026-03-05 22:22:00,0,0
TXN_5441,ACC_176,BANK_UK_02,7871,USD,2026-01-20 18:59:00,0,0
TXN_5442,ACC_224,BANK_UK_01,50752,USD,2026-03-08 00:48:00,0,0
TXN_5443,ACC_264,BANK_BD_02,16682,USD,2026-02-28 23:53:00,0,0
TXN_5444,ACC_153,BANK_BD_02,4204,USD,2026-01-23 11:09:00,1,1
TXN_5445,ACC_145,BANK_UK_02,13775,USD,2026-02-01 05:07:00,0,0
TXN_5446,ACC_108,BANK_BD_02,54064,USD,2026-03-10 19:57:00,0,0
TXN_5447,ACC_166,BANK_UK_01,6206,USD,2026-03-21 16:57:00,0,0
TXN_5448,ACC_149,BANK_UK_02,1268007,USD,2026-03-02 00:14:00,1,1
TXN_5449,ACC_266,BANK_UK_02,58800,USD,2026-02-01 04:59:00,0,0
TXN_5450,ACC_101,BANK_UK_02,25557,USD,2026-02-26 15:47:00,0,0
TXN_5451,ACC_202,BANK_BD_02,5328,USD,2026-02-26 08:28:00,0,0
TXN_5452,ACC_254,BANK_BD_01,28072,USD,2026-02-18 13:10:00,0,0
TXN_5453,ACC_263,BANK_BD_01,9100,USD,2026-02-25 18:27:00,0,0
TXN_5454,ACC_260,BANK_BD_01,22788,USD,2026-02-15 22:36:00,0,0
TXN_5455,ACC_104,BANK_BD_01,54594,USD,2026-03-07 07:51:00,0,0
TXN_5456,ACC_214,BANK_UK_02,21814,USD,2026-03-21 03:20:00,0,0
TXN_5457,ACC_137,BANK_BD_02,39200,USD,2026-01-04 04:46:00,0,0
TXN_5458,ACC_228,BANK_BD_01,24723,USD,2026-03-25 07:13:00,0,0
TXN_5459,ACC_239,BANK_BD_02,14220,USD,2026-02-28 05:29:00,0,0
TXN_5460,ACC_154,BANK_BD_02,16380,USD,2026-02-03 03:31:00,0,0
TXN_5461,ACC_218,BANK_UK_01,23610,USD,2026-03-19 04:00:00,0,0
TXN_5462,ACC_294,BANK_UK_02,50996,USD,2026-03-25 08:18:00,0,0
TXN_5463,ACC_178,BANK_BD_02,56472,USD,2026-03-21 09:28:00,0,0
TXN_5464,ACC_247,BANK_BD_02,9756,USD,2026-01-19 07:07:00,0,0
TXN_5465,ACC_113,BANK_BD_02,113988,USD,2026-01-27 11:16:00,0,0
TXN_5466,ACC_177,BANK_BD_01,93177,USD,2026-03-07 14:38:00,0,0
TXN_5467,ACC_107,BANK_BD_01,4032,USD,2026-03-05 19:23:00,0,0
TXN_5468,ACC_102,BANK_UK_01,14840,USD,2026-03-02 10:12:00,0,0
TXN_5469,ACC_245,BANK_UK_01,69280,USD,2026-01-31 18:55:00,0,0
TXN_5470,ACC_108,BANK_BD_01,51181,USD,2026-01-02 20:41:00,0,0
TXN_5471,ACC_101,BANK_BD_01,27524,USD,2026-01-29 01:35:00,0,0
TXN_5472,ACC_277,BANK_BD_01,90736,USD,2026-02-19 20:45:00,0,0
TXN_5473,ACC_221,BANK_BD_02,31314,USD,2026-01-29 03:03:00,0,0
TXN_5474,ACC_173,BANK_UK_02,18590,USD,2026-01-13 22:58:00,0,0
TXN_5475,ACC_119,BANK_BD_01,28355,USD,2026-01-06 07:56:00,0,0
TXN_5476,ACC_171,BANK_UK_02,4212,USD,2026-03-09 13:33:00,0,0
TXN_5477,ACC_273,BANK_UK_01,53634,USD,2026-02-24 08:25:00,0,0
TXN_5478,ACC_100,BANK_BD_02,411070,USD,2026-03-24 05:12:00,1,1
TXN_5479,ACC_197,BANK_UK_01,55200,USD,2026-03-09 05:21:00,0,0
TXN_5480,ACC_109,BANK_UK_01,47226,USD,2026-03-13 20:27:00,0,0
TXN_5481,ACC_122,BANK_UK_01,48050,USD,2026-03-08 19:06:00,0,0
TXN_5482,ACC_106,BANK_BD_01,14186,USD,2026-03-19 14:23:00,0,0
TXN_5483,ACC_224,BANK_BD_02,43148,USD,2026-01-08 14:21:00,0,0
TXN_5484,ACC_183,BANK_UK_02,29564,USD,2026-02-24 04:20:00,0,0
TXN_5485,ACC_106,BANK_BD_01,2137743,USD,2026-01-15 13:05:00,1,1
TXN_5486,ACC_236,BANK_UK_01,3812004,USD,2026-01-12 22:10:00,1,1
TXN_5487,ACC_108,BANK_BD_01,65598,USD,2026-03-29 14:42:00,0,0
TXN_5488,ACC_270,BANK_UK_02,3629652,USD,2026-03-02 05:16:00,1,1
TXN_5489,ACC_214,BANK_BD_02,8175,USD,2026-03-04 14:50:00,0,0
TXN_5490,ACC_295,BANK_UK_02,104220,USD,2026-01-19 00:05:00,0,0
TXN_5491,ACC_132,BANK_UK_01,22440,USD,2026-02-22 17:39:00,0,0
TXN_5492,ACC_228,BANK_BD_01,4080,USD,2026-02-22 02:26:00,1,1
TXN_5493,ACC_257,BANK_BD_01,20185,USD,2026-02-08 16:31:00,0,0
TXN_5494,ACC_268,BANK_UK_02,11492,USD,2026-02-01 04:16:00,0,0
TXN_5495,ACC_107,BANK_BD_01,5396,USD,2026-02-20 09:39:00,0,0
TXN_5496,ACC_177,BANK_UK_01,74374,USD,2026-03-27 01:07:00,0,0
TXN_5497,ACC_247,BANK_UK_01,21164,USD,2026-01-20 03:45:00,0,0
TXN_5498,ACC_196,BANK_UK_02,61600,USD,2026-02-23 17:19:00,0,0
TXN_5499,ACC_199,BANK_BD_02,61690,USD,2026-03-24 08:42:00,0,0
TXN_5500,ACC_117,BANK_UK_01,11000,USD,2026-02-28 12:29:00,0,0
TXN_5501,ACC_218,BANK_UK_01,49023,USD,2026-01-16 13:40:00,0,0
TXN_5502,ACC_208,BANK_BD_01,35464,USD,2026-02-06 07:13:00,0,0
TXN_5503,ACC_223,BANK_UK_01,50600,USD,2026-01-29 05:16:00,0,0
TXN_5504,ACC_260,BANK_UK_01,33124,USD,2026-03-19 08:08:00,0,0
TXN_5505,ACC_264,BANK_BD_02,3815,USD,2026-01-04 16:09:00,0,0
TXN_5506,ACC_267,BANK_UK_02,64386,USD,2026-03-11 22:51:00,0,0
TXN_5507,ACC_120,BANK_UK_01,32560,USD,2026-03-10 17:47:00,0,0
TXN_5508,ACC_280,BANK_BD_02,21328,USD,2026-03-11 22:25:00,0,0
TXN_5509,ACC_143,BANK_UK_01,42744,USD,2026-03-21 07:39:00,0,0
TXN_5510,ACC_156,BANK_BD_01,44268,USD,2026-02-06 07:28:00,0,0
TXN_5511,ACC_210,BANK_BD_01,12936,USD,2026-03-31 06:56:00,0,0
TXN_5512,ACC_260,BANK_BD_02,16692,USD,2026-03-12 14:35:00,0,0
TXN_5513,ACC_278,BANK_UK_02,18392,USD,2026-02-11 22:22:00,0,0
TXN_5514,ACC_175,BANK_UK_01,55233,USD,2026-03-23 03:50:00,0,0
TXN_5515,ACC_198,BANK_UK_01,871182,USD,2026-01-06 14:09:00,1,1
TXN_5516,ACC_201,BANK_UK_01,10704,USD,2026-03-08 14:08:00,0,0
TXN_5517,ACC_114,BANK_BD_02,61668,USD,2026-02-28 09:14:00,0,0
TXN_5518,ACC_128,BANK_UK_01,53900,USD,2026-03-12 16:06:00,0,0
TXN_5519,ACC_192,BANK_UK_01,5520,USD,2026-03-12 06:34:00,0,0
TXN_5520,ACC_298,BANK_BD_02,21270,USD,2026-01-29 17:55:00,0,0
TXN_5521,ACC_200,BANK_BD_01,14553,USD,2026-01-07 00:31:00,0,0
TXN_5522,ACC_149,BANK_UK_02,65952,USD,2026-01-07 23:36:00,0,0
TXN_5523,ACC_109,BANK_UK_02,9028,USD,2026-03-27 08:11:00,0,0
TXN_5524,ACC_251,BANK_BD_01,8805,USD,2026-01-06 18:54:00,1,1
TXN_5525,ACC_194,BANK_UK_01,1483274,USD,2026-01-05 23:43:00,1,1
TXN_5526,ACC_182,BANK_UK_02,2678,USD,2026-03-18 16:11:00,0,0
TXN_5527,ACC_161,BANK_BD_01,13968,USD,2026-02-18 01:12:00,0,0
TXN_5528,ACC_239,BANK_BD_01,1965,USD,2026-02-15 11:48:00,0,0
TXN_5529,ACC_277,BANK_BD_02,29862,USD,2026-03-23 19:14:00,0,0
TXN_5530,ACC_187,BANK_BD_02,93600,USD,2026-02-18 05:35:00,0,0
TXN_5531,ACC_176,BANK_BD_02,20790,USD,2026-01-31 11:39:00,0,0
TXN_5532,ACC_244,BANK_UK_02,34276,USD,2026-02-20 21:56:00,0,0
TXN_5533,ACC_103,BANK_BD_01,1794186,USD,2026-01-15 12:54:00,1,1
TXN_5534,ACC_273,BANK_UK_01,86805,USD,2026-01-26 04:11:00,0,0
TXN_5535,ACC_286,BANK_BD_02,3658,USD,2026-04-01 13:20:00,0,0
TXN_5536,ACC_152,BANK_UK_01,13500,USD,2026-03-13 09:10:00,0,0
TXN_5537,ACC_285,BANK_UK_02,15264,USD,2026-01-24 14:25:00,0,0
TXN_5538,ACC_113,BANK_BD_01,10875,USD,2026-01-30 20:48:00,0,0
TXN_5539,ACC_283,BANK_UK_01,34236,USD,2026-01-25 00:32:00,0,0
TXN_5540,ACC_132,BANK_BD_02,26946,USD,2026-01-06 08:13:00,0,0
TXN_5541,ACC_160,BANK_UK_02,35040,USD,2026-03-26 03:18:00,0,0
TXN_5542,ACC_116,BANK_UK_01,1153845,USD,2026-03-12 16:08:00,1,1
TXN_5543,ACC_120,BANK_UK_02,33200,USD,2026-01-05 19:21:00,0,0
TXN_5544,ACC_189,BANK_BD_02,31395,USD,2026-02-28 22:29:00,0,0
TXN_5545,ACC_100,BANK_UK_02,25212,USD,2026-01-08 01:59:00,0,0
TXN_5546,ACC_190,BANK_BD_01,17544,USD,2026-02-02 14:17:00,0,0
TXN_5547,ACC_235,BANK_UK_02,47212,USD,2026-02-08 15:27:00,0,0
TXN_5548,ACC_121,BANK_UK_02,17424,USD,2026-01-07 05:17:00,0,0
TXN_5549,ACC_224,BANK_BD_01,6572,USD,2026-03-30 13:25:00,0,0
TXN_5550,ACC_128,BANK_UK_02,28458,USD,2026-02-12 15:12:00,0,0
TXN_5551,ACC_261,BANK_UK_01,358749,USD,2026-03-12 02:10:00,1,1
TXN_5552,ACC_108,BANK_BD_02,12896,USD,2026-03-08 03:46:00,0,0
TXN_5553,ACC_236,BANK_BD_01,3740,USD,2026-03-25 09:43:00,0,0
TXN_5554,ACC_204,BANK_UK_01,45084,USD,2026-01-26 01:53:00,0,0
TXN_5555,ACC_292,BANK_BD_02,48864,USD,2026-03-17 11:38:00,0,0
TXN_5556,ACC_243,BANK_BD_01,21462,USD,2026-01-02 19:02:00,0,0
TXN_5557,ACC_250,BANK_BD_01,30969,USD,2026-03-13 19:12:00,0,0
TXN_5558,ACC_117,BANK_BD_02,88605,USD,2026-01-01 10:13:00,0,0
TXN_5559,ACC_167,BANK_UK_02,21105,USD,2026-01-16 14:17:00,0,0
TXN_5560,ACC_199,BANK_BD_01,34276,USD,2026-03-07 12:08:00,0,0
TXN_5561,ACC_258,BANK_UK_01,73229,USD,2026-01-26 04:24:00,0,0
TXN_5562,ACC_221,BANK_BD_02,346518,USD,2026-02-10 02:31:00,1,1
TXN_5563,ACC_103,BANK_UK_01,50610,USD,2026-03-21 05:36:00,0,0
TXN_5564,ACC_211,BANK_UK_02,2974750,USD,2026-03-17 10:15:00,1,1
TXN_5565,ACC_123,BANK_BD_02,35552,USD,2026-02-02 07:09:00,0,0
TXN_5566,ACC_199,BANK_BD_02,10864,USD,2026-03-25 12:54:00,0,0
TXN_5567,ACC_128,BANK_BD_02,77371,USD,2026-01-12 22:40:00,0,0
TXN_5568,ACC_164,BANK_BD_02,30888,USD,2026-03-31 18:27:00,0,0
TXN_5569,ACC_167,BANK_BD_02,22248,USD,2026-03-25 01:06:00,0,0
TXN_5570,ACC_149,BANK_UK_01,779760,USD,2026-02-20 18:37:00,1,1
TXN_5571,ACC_212,BANK_UK_01,48944,USD,2026-01-28 05:14:00,0,0
TXN_5572,ACC_167,BANK_BD_01,88036,USD,2026-03-11 14:08:00,0,0
TXN_5573,ACC_217,BANK_UK_02,7632,USD,2026-01-08 04:43:00,0,0
TXN_5574,ACC_229,BANK_BD_02,45164,USD,2026-01-14 00:26:00,0,0
TXN_5575,ACC_274,BANK_UK_01,29568,USD,2026-01-10 14:28:00,0,0
TXN_5576,ACC_118,BANK_UK_02,2649942,USD,2026-03-28 10:27:00,1,1
TXN_5577,ACC_164,BANK_BD_02,7320,USD,2026-02-27 15:18:00,0,0
TXN_5578,ACC_101,BANK_BD_02,64350,USD,2026-03-12 02:03:00,0,0
TXN_5579,ACC_150,BANK_BD_02,11760,USD,2026-03-30 16:42:00,0,0
TXN_5580,ACC_174,BANK_BD_02,25500,USD,2026-03-12 18:58:00,0,0
TXN_5581,ACC_226,BANK_BD_01,4995,USD,2026-01-30 14:23:00,0,0
TXN_5582,ACC_152,BANK_UK_01,3013520,USD,2026-03-14 09:59:00,1,1
TXN_5583,ACC_258,BANK_UK_01,8904,USD,2026-02-05 03:06:00,0,0
TXN_5584,ACC_191,BANK_BD_01,2901160,USD,2026-01-05 07:35:00,1,1
TXN_5585,ACC_235,BANK_BD_02,60720,USD,2026-01-18 15:46:00,0,0
TXN_5586,ACC_299,BANK_UK_02,53997,USD,2026-02-08 19:48:00,0,0
TXN_5587,ACC_265,BANK_BD_01,44736,USD,2026-02-17 16:44:00,0,0
TXN_5588,ACC_160,BANK_UK_02,80446,USD,2026-01-08 04:19:00,0,0
TXN_5589,ACC_240,BANK_UK_02,21482,USD,2026-03-13 09:08:00,0,0
TXN_5590,ACC_287,BANK_UK_01,628,USD,2026-01-04 15:27:00,1,1
TXN_5591,ACC_129,BANK_BD_02,43079,USD,2026-01-22 09:21:00,0,0
TXN_5592,ACC_154,BANK_UK_01,63344,USD,2026-02-27 14:02:00,0,0
TXN_5593,ACC_155,BANK_UK_02,44460,USD,2026-01-01 16:01:00,0,0
TXN_5594,ACC_250,BANK_BD_01,8918,USD,2026-03-30 06:26:00,0,0
TXN_5595,ACC_151,BANK_UK_01,7353,USD,2026-01-22 10:29:00,0,0
TXN_5596,ACC_179,BANK_UK_02,5020,USD,2026-02-19 15:03:00,1,1
TXN_5597,ACC_279,BANK_BD_02,20664,USD,2026-01-02 21:15:00,0,0
TXN_5598,ACC_287,BANK_UK_01,302771,USD,2026-01-12 18:30:00,1,1
TXN_5599,ACC_216,BANK_UK_02,16520,USD,2026-03-22 01:21:00,0,0
TXN_5600,ACC_100,BANK_UK_01,2880,USD,2026-04-01 00:33:00,0,0
TXN_5601,ACC_145,BANK_UK_02,81592,USD,2026-02-14 02:23:00,0,0
TXN_5602,ACC_199,BANK_UK_01,71950,USD,2026-03-30 14:30:00,0,0
TXN_5603,ACC_120,BANK_UK_01,37553,USD,2026-03-01 13:07:00,0,0
TXN_5604,ACC_181,BANK_UK_01,33930,USD,2026-02-18 15:59:00,0,0
TXN_5605,ACC_189,BANK_BD_02,35819,USD,2026-02-15 23:51:00,0,0
TXN_5606,ACC_122,BANK_BD_01,60935,USD,2026-02-15 06:37:00,0,0
TXN_5607,ACC_142,BANK_BD_01,14416,USD,2026-01-15 10:37:00,0,0
TXN_5608,ACC_296,BANK_BD_02,4992,USD,2026-01-31 16:25:00,0,0
TXN_5609,ACC_226,BANK_BD_02,62187,USD,2026-01-14 21:10:00,0,0
TXN_5610,ACC_288,BANK_BD_02,26250,USD,2026-03-16 22:07:00,0,0
TXN_5611,ACC_221,BANK_BD_01,27240,USD,2026-02-26 18:59:00,0,0
TXN_5612,ACC_190,BANK_UK_01,10744,USD,2026-01-12 01:01:00,0,0
TXN_5613,ACC_158,BANK_UK_02,19995,USD,2026-03-28 08:28:00,0,0
TXN_5614,ACC_187,BANK_UK_01,8568,USD,2026-03-20 04:45:00,0,0
TXN_5615,ACC_166,BANK_BD_01,73702,USD,2026-03-30 08:05:00,0,0
TXN_5616,ACC_165,BANK_UK_01,9120,USD,2026-01-30 11:35:00,0,0
TXN_5617,ACC_115,BANK_UK_02,23834,USD,2026-03-18 07:45:00,0,0
TXN_5618,ACC_264,BANK_BD_01,74736,USD,2026-01-10 07:03:00,0,0
TXN_5619,ACC_235,BANK_BD_01,30624,USD,2026-03-17 13:01:00,0,0
TXN_5620,ACC_256,BANK_BD_01,35148,USD,2026-02-19 03:00:00,0,0
TXN_5621,ACC_248,BANK_UK_01,1759740,USD,2026-01-08 15:05:00,1,1
TXN_5622,ACC_257,BANK_UK_02,4668455,USD,2026-01-19 14:35:00,1,1
TXN_5623,ACC_273,BANK_BD_02,5008,USD,2026-01-23 17:55:00,0,0
TXN_5624,ACC_220,BANK_UK_02,2033,USD,2026-03-07 00:50:00,0,0
TXN_5625,ACC_158,BANK_BD_02,14514,USD,2026-01-30 19:16:00,0,0
TXN_5626,ACC_295,BANK_BD_01,7611,USD,2026-01-05 11:14:00,0,0
TXN_5627,ACC_183,BANK_UK_02,28320,USD,2026-02-21 14:29:00,0,0
TXN_5628,ACC_210,BANK_BD_01,41565,USD,2026-02-03 10:14:00,0,0
TXN_5629,ACC_114,BANK_UK_01,102984,USD,2026-03-16 09:51:00,0,0
TXN_5630,ACC_181,BANK_UK_01,16974,USD,2026-02-13 19:28:00,0,0
TXN_5631,ACC_261,BANK_BD_02,62573,USD,2026-02-04 11:59:00,0,0
TXN_5632,ACC_201,BANK_BD_01,44419,USD,2026-01-29 14:32:00,0,0
TXN_5633,ACC_137,BANK_BD_02,34830,USD,2026-03-08 17:49:00,0,0
TXN_5634,ACC_234,BANK_BD_02,9890,USD,2026-03-21 11:57:00,0,0
TXN_5635,ACC_230,BANK_BD_01,95120,USD,2026-03-14 15:54:00,0,0
TXN_5636,ACC_174,BANK_BD_01,53391,USD,2026-03-28 03:15:00,0,0
TXN_5637,ACC_236,BANK_BD_01,2196215,USD,2026-02-22 15:13:00,1,1
TXN_5638,ACC_231,BANK_BD_01,35760,USD,2026-02-15 07:09:00,0,0
TXN_5639,ACC_288,BANK_UK_01,33632,USD,2026-01-12 05:54:00,0,0
TXN_5640,ACC_276,BANK_BD_01,41760,USD,2026-01-17 09:30:00,0,0
TXN_5641,ACC_125,BANK_BD_02,32672,USD,2026-03-03 19:40:00,0,0
TXN_5642,ACC_277,BANK_UK_01,14781,USD,2026-03-24 03:18:00,0,0
TXN_5643,ACC_284,BANK_UK_01,5775,USD,2026-01-07 21:29:00,0,0
TXN_5644,ACC_228,BANK_BD_02,21114,USD,2026-01-18 01:28:00,0,0
TXN_5645,ACC_263,BANK_UK_02,23730,USD,2026-02-24 02:41:00,0,0
TXN_5646,ACC_118,BANK_UK_02,60350,USD,2026-03-19 19:12:00,0,0
TXN_5647,ACC_259,BANK_BD_02,21664,USD,2026-03-28 03:03:00,0,0
TXN_5648,ACC_281,BANK_BD_01,9168,USD,2026-03-02 11:22:00,0,0
TXN_5649,ACC_208,BANK_BD_02,90672,USD,2026-03-24 00:31:00,0,0
TXN_5650,ACC_165,BANK_BD_02,32306,USD,2026-03-16 23:28:00,0,0
TXN_5651,ACC_212,BANK_UK_02,2016,USD,2026-03-12 12:53:00,0,0
TXN_5652,ACC_172,BANK_UK_01,35700,USD,2026-03-08 13:27:00,0,0
TXN_5653,ACC_114,BANK_BD_02,27132,USD,2026-02-09 20:47:00,0,0
TXN_5654,ACC_175,BANK_BD_01,1635,USD,2026-01-16 06:27:00,1,1
TXN_5655,ACC_204,BANK_UK_01,59724,USD,2026-03-27 11:47:00,0,0
TXN_5656,ACC_245,BANK_UK_02,111834,USD,2026-02-22 19:00:00,0,0
TXN_5657,ACC_222,BANK_BD_01,64792,USD,2026-01-27 15:15:00,0,0
TXN_5658,ACC_207,BANK_BD_01,32568,USD,2026-01-03 07:53:00,0,0
TXN_5659,ACC_148,BANK_UK_01,33150,USD,2026-03-20 05:40:00,0,0
TXN_5660,ACC_119,BANK_UK_02,18774,USD,2026-02-20 14:58:00,0,0
TXN_5661,ACC_294,BANK_UK_01,11385,USD,2026-03-23 19:27:00,0,0
TXN_5662,ACC_153,BANK_UK_02,45280,USD,2026-03-29 19:46:00,0,0
TXN_5663,ACC_196,BANK_BD_01,6612,USD,2026-02-16 03:09:00,0,0
TXN_5664,ACC_235,BANK_UK_02,57600,USD,2026-01-07 04:37:00,0,0
TXN_5665,ACC_150,BANK_UK_01,2893620,USD,2026-02-02 13:02:00,1,1
TXN_5666,ACC_118,BANK_BD_02,13356,USD,2026-03-19 06:08:00,0,0
TXN_5667,ACC_287,BANK_BD_01,2320,USD,2026-02-05 21:51:00,0,0
TXN_5668,ACC_259,BANK_UK_02,37932,USD,2026-03-01 18:17:00,0,0
TXN_5669,ACC_261,BANK_UK_02,108186,USD,2026-02-11 03:42:00,0,0
TXN_5670,ACC_241,BANK_BD_01,606100,USD,2026-01-31 08:19:00,1,1
TXN_5671,ACC_211,BANK_BD_01,47682,USD,2026-03-12 01:08:00,0,0
TXN_5672,ACC_149,BANK_BD_01,36936,USD,2026-02-21 17:14:00,0,0
TXN_5673,ACC_238,BANK_BD_02,29302,USD,2026-01-16 12:19:00,0,0
TXN_5674,ACC_142,BANK_BD_01,4521,USD,2026-01-03 10:11:00,1,1
TXN_5675,ACC_179,BANK_BD_01,58514,USD,2026-01-22 02:43:00,0,0
TXN_5676,ACC_293,BANK_UK_01,781086,USD,2026-02-24 12:46:00,1,1
TXN_5677,ACC_240,BANK_BD_01,38577,USD,2026-02-26 09:19:00,0,0
TXN_5678,ACC_224,BANK_UK_01,49221,USD,2026-03-18 23:15:00,0,0
TXN_5679,ACC_173,BANK_BD_02,30894,USD,2026-02-12 04:20:00,0,0
TXN_5680,ACC_128,BANK_BD_02,27160,USD,2026-01-26 15:22:00,0,0
TXN_5681,ACC_135,BANK_UK_02,3009,USD,2026-03-18 04:24:00,1,1
TXN_5682,ACC_176,BANK_BD_01,36712,USD,2026-02-01 22:39:00,0,0
TXN_5683,ACC_103,BANK_BD_02,14630,USD,2026-03-12 18:21:00,0,0
TXN_5684,ACC_286,BANK_UK_01,27060,USD,2026-02-16 02:14:00,0,0
TXN_5685,ACC_224,BANK_UK_02,76067,USD,2026-01-13 06:43:00,0,0
TXN_5686,ACC_176,BANK_BD_02,3060,USD,2026-02-19 05:59:00,1,1
TXN_5687,ACC_101,BANK_UK_01,113640,USD,2026-03-23 15:54:00,0,0
TXN_5688,ACC_194,BANK_UK_01,23465,USD,2026-03-17 14:21:00,0,0
TXN_5689,ACC_271,BANK_UK_01,8335,USD,2026-01-30 00:25:00,1,1
TXN_5690,ACC_173,BANK_UK_02,33536,USD,2026-01-12 17:46:00,0,0
TXN_5691,ACC_206,BANK_UK_01,73008,USD,2026-03-22 01:13:00,0,0
TXN_5692,ACC_192,BANK_UK_02,5244,USD,2026-02-22 07:10:00,0,0
TXN_5693,ACC_286,BANK_UK_01,24000,USD,2026-03-13 06:48:00,0,0
TXN_5694,ACC_112,BANK_UK_01,9440,USD,2026-02-27 15:53:00,0,0
TXN_5695,ACC_228,BANK_BD_02,50540,USD,2026-01-25 15:25:00,0,0
TXN_5696,ACC_283,BANK_BD_01,5796,USD,2026-03-02 07:31:00,0,0
TXN_5697,ACC_166,BANK_UK_01,42768,USD,2026-03-11 19:47:00,0,0
TXN_5698,ACC_236,BANK_BD_02,25718,USD,2026-03-27 21:30:00,0,0
TXN_5699,ACC_191,BANK_UK_02,29700,USD,2026-01-22 07:31:00,0,0
TXN_5700,ACC_135,BANK_UK_01,8680,USD,2026-02-08 12:28:00,0,0
TXN_5701,ACC_106,BANK_UK_02,39096,USD,2026-02-22 12:28:00,0,0
TXN_5702,ACC_242,BANK_UK_02,1465432,USD,2026-01-20 10:03:00,1,1
TXN_5703,ACC_266,BANK_BD_01,10528,USD,2026-03-28 16:48:00,0,0
TXN_5704,ACC_204,BANK_UK_02,25200,USD,2026-03-31 16:13:00,0,0
TXN_5705,ACC_131,BANK_UK_01,83946,USD,2026-03-14 17:19:00,0,0
TXN_5706,ACC_222,BANK_BD_01,19584,USD,2026-01-19 14:21:00,0,0
TXN_5707,ACC_207,BANK_BD_01,21100,USD,2026-03-02 09:59:00,0,0
TXN_5708,ACC_168,BANK_UK_02,3404,USD,2026-01-24 07:57:00,0,0
TXN_5709,ACC_260,BANK_UK_01,36960,USD,2026-01-16 03:17:00,0,0
TXN_5710,ACC_273,BANK_BD_01,24489,USD,2026-03-03 16:07:00,0,0
TXN_5711,ACC_145,BANK_UK_02,29106,USD,2026-02-20 08:45:00,0,0
TXN_5712,ACC_263,BANK_BD_02,59427,USD,2026-02-12 04:22:00,0,0
TXN_5713,ACC_294,BANK_UK_01,41904,USD,2026-03-26 12:31:00,0,0
TXN_5714,ACC_109,BANK_UK_01,39556,USD,2026-03-26 05:51:00,0,0
TXN_5715,ACC_116,BANK_BD_01,42160,USD,2026-03-08 02:39:00,0,0
TXN_5716,ACC_254,BANK_UK_02,55335,USD,2026-02-16 05:27:00,0,0
TXN_5717,ACC_179,BANK_BD_02,8640,USD,2026-02-12 02:34:00,0,0
TXN_5718,ACC_118,BANK_BD_02,73008,USD,2026-03-14 15:19:00,0,0
TXN_5719,ACC_122,BANK_BD_01,30268,USD,2026-01-19 01:34:00,0,0
TXN_5720,ACC_107,BANK_UK_01,77000,USD,2026-03-05 12:52:00,0,0
TXN_5721,ACC_147,BANK_UK_01,41225,USD,2026-01-27 15:28:00,0,0
TXN_5722,ACC_179,BANK_UK_02,28203,USD,2026-01-07 19:28:00,0,0
TXN_5723,ACC_175,BANK_BD_02,82888,USD,2026-03-19 13:50:00,0,0
TXN_5724,ACC_206,BANK_BD_02,65785,USD,2026-03-22 02:43:00,0,0
TXN_5725,ACC_226,BANK_BD_01,4887,USD,2026-03-25 18:38:00,0,0
TXN_5726,ACC_201,BANK_BD_02,38313,USD,2026-04-01 00:39:00,0,0
TXN_5727,ACC_264,BANK_BD_02,69960,USD,2026-01-12 02:53:00,0,0
TXN_5728,ACC_238,BANK_UK_01,54690,USD,2026-03-16 14:11:00,0,0
TXN_5729,ACC_236,BANK_UK_02,8316,USD,2026-01-09 01:17:00,0,0
TXN_5730,ACC_280,BANK_UK_01,47212,USD,2026-03-09 11:03:00,0,0
TXN_5731,ACC_258,BANK_BD_02,76095,USD,2026-01-14 18:21:00,0,0
TXN_5732,ACC_266,BANK_UK_02,29760,USD,2026-01-19 06:42:00,0,0
TXN_5733,ACC_129,BANK_BD_01,74658,USD,2026-03-05 15:30:00,0,0
TXN_5734,ACC_273,BANK_UK_01,3562008,USD,2026-02-17 09:49:00,1,1
TXN_5735,ACC_170,BANK_UK_02,2039420,USD,2026-03-20 00:41:00,1,1
TXN_5736,ACC_185,BANK_BD_02,8041,USD,2026-03-11 00:40:00,0,0
TXN_5737,ACC_100,BANK_UK_02,7040,USD,2026-03-27 09:25:00,0,0
TXN_5738,ACC_226,BANK_BD_01,57954,USD,2026-01-31 09:38:00,0,0
TXN_5739,ACC_134,BANK_BD_02,40530,USD,2026-01-22 21:39:00,0,0
TXN_5740,ACC_263,BANK_UK_02,5428,USD,2026-03-25 21:39:00,0,0
TXN_5741,ACC_258,BANK_UK_01,25484,USD,2026-02-10 07:09:00,0,0
TXN_5742,ACC_107,BANK_BD_02,66780,USD,2026-01-13 08:26:00,0,0
TXN_5743,ACC_208,BANK_BD_01,10523,USD,2026-03-11 18:14:00,0,0
TXN_5744,ACC_154,BANK_BD_02,29760,USD,2026-02-25 04:19:00,0,0
TXN_5745,ACC_109,BANK_UK_02,36955,USD,2026-03-31 16:47:00,0,0
TXN_5746,ACC_137,BANK_BD_01,10494,USD,2026-03-02 01:47:00,0,0
TXN_5747,ACC_139,BANK_UK_01,43877,USD,2026-02-23 14:01:00,0,0
TXN_5748,ACC_258,BANK_BD_01,99306,USD,2026-03-15 19:03:00,0,0
TXN_5749,ACC_206,BANK_UK_02,56498,USD,2026-02-09 12:31:00,0,0
TXN_5750,ACC_242,BANK_BD_02,7479,USD,2026-04-01 10:26:00,0,0
TXN_5751,ACC_204,BANK_BD_01,21780,USD,2026-02-04 03:13:00,0,0
TXN_5752,ACC_222,BANK_BD_01,5929,USD,2026-01-31 01:17:00,0,0
TXN_5753,ACC_223,BANK_UK_01,18753,USD,2026-01-01 04:30:00,0,0
TXN_5754,ACC_228,BANK_UK_02,34377,USD,2026-02-26 02:16:00,0,0
TXN_5755,ACC_274,BANK_BD_01,36092,USD,2026-03-17 18:19:00,0,0
TXN_5756,ACC_239,BANK_BD_01,12204,USD,2026-01-02 09:14:00,0,0
TXN_5757,ACC_124,BANK_UK_02,23782,USD,2026-02-01 17:33:00,0,0
TXN_5758,ACC_299,BANK_BD_01,5610,USD,2026-01-31 22:02:00,0,0
TXN_5759,ACC_142,BANK_BD_01,52290,USD,2026-02-17 09:33:00,0,0
TXN_5760,ACC_184,BANK_UK_01,9120,USD,2026-03-31 12:17:00,0,0
TXN_5761,ACC_233,BANK_BD_02,19344,USD,2026-01-31 05:27:00,0,0
TXN_5762,ACC_164,BANK_UK_02,65985,USD,2026-01-09 22:28:00,0,0
TXN_5763,ACC_227,BANK_BD_01,13002,USD,2026-01-15 15:32:00,0,0
TXN_5764,ACC_234,BANK_BD_01,1629512,USD,2026-03-25 05:12:00,1,1
TXN_5765,ACC_214,BANK_BD_02,97272,USD,2026-03-29 02:26:00,0,0
TXN_5766,ACC_122,BANK_UK_01,55564,USD,2026-04-01 19:07:00,0,0
TXN_5767,ACC_220,BANK_UK_01,59784,USD,2026-02-08 08:13:00,0,0
TXN_5768,ACC_122,BANK_BD_01,40488,USD,2026-02-23 00:15:00,0,0
TXN_5769,ACC_263,BANK_UK_02,24625,USD,2026-01-14 00:14:00,0,0
TXN_5770,ACC_189,BANK_UK_02,35154,USD,2026-02-03 21:26:00,0,0
TXN_5771,ACC_176,BANK_BD_01,1460730,USD,2026-03-02 08:57:00,1,1
TXN_5772,ACC_221,BANK_BD_01,56154,USD,2026-01-29 05:01:00,0,0
TXN_5773,ACC_241,BANK_BD_01,31376,USD,2026-03-15 19:10:00,0,0
TXN_5774,ACC_216,BANK_UK_01,67218,USD,2026-01-20 18:58:00,0,0
TXN_5775,ACC_243,BANK_BD_01,99540,USD,2026-02-17 17:09:00,0,0
TXN_5776,ACC_219,BANK_BD_02,8700,USD,2026-03-26 08:51:00,0,0
TXN_5777,ACC_148,BANK_UK_02,50400,USD,2026-02-24 03:23:00,0,0
TXN_5778,ACC_217,BANK_UK_01,42927,USD,2026-03-24 11:33:00,0,0
TXN_5779,ACC_170,BANK_BD_02,3688,USD,2026-03-23 22:24:00,1,1
TXN_5780,ACC_196,BANK_BD_01,2299100,USD,2026-03-17 04:56:00,1,1
TXN_5781,ACC_158,BANK_BD_02,21413,USD,2026-01-25 11:37:00,0,0
TXN_5782,ACC_253,BANK_BD_02,29120,USD,2026-03-06 12:33:00,0,0
TXN_5783,ACC_208,BANK_UK_02,10620,USD,2026-02-23 20:13:00,0,0
TXN_5784,ACC_173,BANK_UK_01,75420,USD,2026-03-03 19:29:00,0,0
TXN_5785,ACC_274,BANK_UK_01,21255,USD,2026-02-22 16:31:00,0,0
TXN_5786,ACC_239,BANK_UK_01,37080,USD,2026-01-13 08:37:00,0,0
TXN_5787,ACC_245,BANK_BD_01,26180,USD,2026-02-27 15:26:00,0,0
TXN_5788,ACC_227,BANK_BD_02,34452,USD,2026-03-23 08:20:00,0,0
TXN_5789,ACC_152,BANK_UK_02,59500,USD,2026-02-11 18:03:00,0,0
TXN_5790,ACC_200,BANK_UK_02,39906,USD,2026-02-02 21:55:00,0,0
TXN_5791,ACC_113,BANK_BD_02,19470,USD,2026-01-14 20:44:00,0,0
TXN_5792,ACC_130,BANK_BD_02,48735,USD,2026-03-04 09:54:00,0,0
TXN_5793,ACC_282,BANK_UK_01,25200,USD,2026-02-18 10:06:00,0,0
TXN_5794,ACC_104,BANK_UK_02,35316,USD,2026-02-08 00:10:00,0,0
TXN_5795,ACC_139,BANK_UK_01,680948,USD,2026-02-27 23:47:00,1,1
TXN_5796,ACC_112,BANK_UK_02,27225,USD,2026-03-15 05:34:00,0,0
TXN_5797,ACC_180,BANK_UK_02,24464,USD,2026-03-15 02:59:00,0,0
TXN_5798,ACC_216,BANK_UK_01,1566672,USD,2026-02-22 09:44:00,1,1
TXN_5799,ACC_120,BANK_BD_01,13760,USD,2026-01-14 18:17:00,0,0
TXN_5800,ACC_236,BANK_UK_02,33306,USD,2026-03-17 22:54:00,0,0
TXN_5801,ACC_137,BANK_UK_01,65988,USD,2026-02-13 11:40:00,0,0
TXN_5802,ACC_185,BANK_UK_02,17628,USD,2026-03-02 20:45:00,0,0
TXN_5803,ACC_189,BANK_BD_02,30800,USD,2026-02-14 01:08:00,0,0
TXN_5804,ACC_289,BANK_BD_01,9008,USD,2026-01-16 18:14:00,0,0
TXN_5805,ACC_143,BANK_BD_02,82570,USD,2026-01-23 14:31:00,0,0
TXN_5806,ACC_270,BANK_BD_01,92026,USD,2026-01-15 10:51:00,0,0
TXN_5807,ACC_256,BANK_UK_01,64600,USD,2026-02-26 16:22:00,0,0
TXN_5808,ACC_233,BANK_BD_02,26096,USD,2026-03-03 05:40:00,0,0
TXN_5809,ACC_206,BANK_UK_01,68936,USD,2026-03-13 04:24:00,0,0
TXN_5810,ACC_173,BANK_UK_01,34230,USD,2026-01-28 17:19:00,0,0
TXN_5811,ACC_134,BANK_BD_01,47760,USD,2026-03-08 23:46:00,0,0
TXN_5812,ACC_125,BANK_BD_02,4563,USD,2026-03-30 10:45:00,1,1
TXN_5813,ACC_117,BANK_UK_01,50160,USD,2026-03-30 14:50:00,0,0
TXN_5814,ACC_240,BANK_BD_02,75101,USD,2026-03-28 20:19:00,0,0
TXN_5815,ACC_275,BANK_UK_01,13156,USD,2026-01-31 05:27:00,0,0
TXN_5816,ACC_138,BANK_BD_01,23088,USD,2026-02-09 14:16:00,0,0
TXN_5817,ACC_252,BANK_BD_02,25605,USD,2026-03-11 04:29:00,0,0
TXN_5818,ACC_134,BANK_BD_01,45339,USD,2026-02-17 19:09:00,0,0
TXN_5819,ACC_225,BANK_UK_01,33201,USD,2026-01-21 05:28:00,0,0
TXN_5820,ACC_198,BANK_UK_02,65614,USD,2026-03-10 13:30:00,0,0
TXN_5821,ACC_214,BANK_UK_02,2990520,USD,2026-01-08 21:37:00,1,1
TXN_5822,ACC_171,BANK_BD_02,78489,USD,2026-01-28 19:49:00,0,0
TXN_5823,ACC_117,BANK_BD_02,13777,USD,2026-02-27 11:11:00,0,0
TXN_5824,ACC_104,BANK_BD_01,26638,USD,2026-03-23 09:06:00,0,0
TXN_5825,ACC_203,BANK_UK_01,16790,USD,2026-04-01 07:21:00,0,0
TXN_5826,ACC_103,BANK_UK_02,44919,USD,2026-02-05 02:33:00,0,0
TXN_5827,ACC_289,BANK_UK_01,61600,USD,2026-03-15 16:14:00,0,0
TXN_5828,ACC_251,BANK_UK_01,7668,USD,2026-01-29 01:35:00,0,0
TXN_5829,ACC_186,BANK_UK_01,1463694,USD,2026-03-27 16:10:00,1,1
TXN_5830,ACC_231,BANK_UK_02,113575,USD,2026-03-20 04:01:00,0,0
TXN_5831,ACC_254,BANK_BD_01,32946,USD,2026-03-26 06:35:00,0,0
TXN_5832,ACC_242,BANK_UK_01,1177050,USD,2026-01-29 01:15:00,1,1
TXN_5833,ACC_122,BANK_UK_01,69184,USD,2026-01-23 14:09:00,0,0
TXN_5834,ACC_167,BANK_BD_01,23960,USD,2026-01-31 01:50:00,0,0
TXN_5835,ACC_185,BANK_UK_01,31968,USD,2026-02-10 07:00:00,0,0
TXN_5836,ACC_283,BANK_UK_02,7728,USD,2026-03-19 18:46:00,0,0
TXN_5837,ACC_248,BANK_UK_01,27869,USD,2026-01-25 00:38:00,0,0
TXN_5838,ACC_251,BANK_UK_02,2324376,USD,2026-01-31 22:18:00,1,1
TXN_5839,ACC_142,BANK_UK_02,55430,USD,2026-03-01 01:07:00,0,0
TXN_5840,ACC_219,BANK_UK_01,50490,USD,2026-02-01 14:49:00,0,0
TXN_5841,ACC_154,BANK_BD_01,46332,USD,2026-01-01 01:04:00,0,0
TXN_5842,ACC_142,BANK_BD_01,17264,USD,2026-01-30 12:06:00,0,0
TXN_5843,ACC_125,BANK_BD_02,65382,USD,2026-03-10 16:57:00,0,0
TXN_5844,ACC_123,BANK_BD_02,21182,USD,2026-02-28 08:18:00,0,0
TXN_5845,ACC_131,BANK_UK_01,2813091,USD,2026-01-22 10:01:00,1,1
TXN_5846,ACC_253,BANK_BD_01,42251,USD,2026-01-19 11:13:00,0,0
TXN_5847,ACC_113,BANK_UK_01,62296,USD,2026-02-28 00:03:00,0,0
TXN_5848,ACC_246,BANK_BD_01,44536,USD,2026-03-14 20:28:00,0,0
TXN_5849,ACC_166,BANK_BD_02,13083,USD,2026-03-31 10:33:00,0,0
TXN_5850,ACC_253,BANK_UK_02,68400,USD,2026-01-20 06:28:00,0,0
TXN_5851,ACC_172,BANK_BD_01,27000,USD,2026-01-08 10:16:00,0,0
TXN_5852,ACC_160,BANK_BD_02,14560,USD,2026-01-16 02:50:00,0,0
TXN_5853,ACC_246,BANK_BD_01,33000,USD,2026-01-11 08:50:00,0,0
TXN_5854,ACC_136,BANK_BD_01,96530,USD,2026-01-06 07:55:00,0,0
TXN_5855,ACC_202,BANK_UK_01,4290,USD,2026-02-23 23:44:00,0,0
TXN_5856,ACC_152,BANK_UK_01,6573,USD,2026-03-23 07:22:00,0,0
TXN_5857,ACC_106,BANK_BD_02,3849,USD,2026-03-07 21:10:00,1,1
TXN_5858,ACC_264,BANK_BD_02,845172,USD,2026-01-03 01:27:00,1,1
TXN_5859,ACC_271,BANK_UK_01,98328,USD,2026-01-13 10:45:00,0,0
TXN_5860,ACC_137,BANK_BD_01,26280,USD,2026-01-22 20:28:00,0,0
TXN_5861,ACC_245,BANK_UK_02,8279,USD,2026-03-13 07:38:00,0,0
TXN_5862,ACC_272,BANK_BD_01,17836,USD,2026-03-27 17:28:00,0,0
TXN_5863,ACC_157,BANK_UK_02,97657,USD,2026-03-21 18:52:00,0,0
TXN_5864,ACC_254,BANK_UK_02,58482,USD,2026-03-21 13:29:00,0,0
TXN_5865,ACC_185,BANK_UK_01,88452,USD,2026-03-07 22:38:00,0,0
TXN_5866,ACC_165,BANK_BD_02,21780,USD,2026-03-06 20:57:00,0,0
TXN_5867,ACC_164,BANK_UK_02,3830,USD,2026-03-26 01:53:00,1,1
TXN_5868,ACC_230,BANK_BD_02,1519236,USD,2026-03-18 05:41:00,1,1
TXN_5869,ACC_181,BANK_UK_02,77004,USD,2026-01-31 16:33:00,0,0
TXN_5870,ACC_161,BANK_BD_01,52892,USD,2026-01-04 13:34:00,0,0
TXN_5871,ACC_115,BANK_UK_01,36414,USD,2026-02-12 04:01:00,0,0
TXN_5872,ACC_133,BANK_BD_02,16736,USD,2026-01-05 10:46:00,0,0
TXN_5873,ACC_105,BANK_BD_01,45850,USD,2026-01-05 03:03:00,0,0
TXN_5874,ACC_157,BANK_BD_01,42346,USD,2026-01-09 15:07:00,0,0
TXN_5875,ACC_167,BANK_BD_01,15600,USD,2026-01-05 00:38:00,0,0
TXN_5876,ACC_165,BANK_UK_02,9372,USD,2026-02-17 05:26:00,0,0
TXN_5877,ACC_158,BANK_UK_02,12600,USD,2026-02-16 13:28:00,0,0
TXN_5878,ACC_270,BANK_UK_01,8004,USD,2026-03-26 20:03:00,0,0
TXN_5879,ACC_221,BANK_BD_01,1646316,USD,2026-01-06 12:00:00,1,1
TXN_5880,ACC_192,BANK_BD_01,22900,USD,2026-01-18 02:45:00,0,0
TXN_5881,ACC_242,BANK_BD_01,43050,USD,2026-01-29 18:23:00,0,0
TXN_5882,ACC_297,BANK_UK_01,3468594,USD,2026-02-06 06:56:00,1,1
TXN_5883,ACC_119,BANK_BD_01,89208,USD,2026-02-11 15:58:00,0,0
TXN_5884,ACC_107,BANK_BD_02,18316,USD,2026-01-09 21:53:00,0,0
TXN_5885,ACC_170,BANK_UK_01,23148,USD,2026-03-29 05:14:00,0,0
TXN_5886,ACC_157,BANK_BD_02,28944,USD,2026-03-21 04:07:00,0,0
TXN_5887,ACC_289,BANK_BD_02,30206,USD,2026-03-22 20:54:00,0,0
TXN_5888,ACC_278,BANK_UK_02,1020768,USD,2026-03-01 07:43:00,1,1
TXN_5889,ACC_122,BANK_UK_02,22815,USD,2026-01-20 18:10:00,0,0
TXN_5890,ACC_197,BANK_BD_02,12144,USD,2026-03-22 14:14:00,0,0
TXN_5891,ACC_141,BANK_BD_01,24327,USD,2026-03-02 08:24:00,0,0
TXN_5892,ACC_224,BANK_BD_01,22860,USD,2026-03-19 15:03:00,0,0
TXN_5893,ACC_299,BANK_BD_02,25550,USD,2026-02-11 00:03:00,0,0
TXN_5894,ACC_124,BANK_UK_01,52683,USD,2026-03-23 03:07:00,0,0
TXN_5895,ACC_177,BANK_UK_01,21216,USD,2026-03-07 09:38:00,0,0
TXN_5896,ACC_110,BANK_BD_02,27236,USD,2026-03-30 06:49:00,0,0
TXN_5897,ACC_257,BANK_BD_02,970320,USD,2026-02-25 09:27:00,1,1
TXN_5898,ACC_117,BANK_BD_02,3800,USD,2026-01-07 08:04:00,0,0
TXN_5899,ACC_156,BANK_BD_02,52215,USD,2026-03-11 02:01:00,0,0
TXN_5900,ACC_197,BANK_UK_01,1641,USD,2026-03-20 13:16:00,1,1
TXN_5901,ACC_194,BANK_BD_01,53692,USD,2026-02-23 12:07:00,0,0
TXN_5902,ACC_102,BANK_BD_01,50061,USD,2026-01-08 09:25:00,0,0
TXN_5903,ACC_146,BANK_BD_02,87955,USD,2026-03-30 13:17:00,0,0
TXN_5904,ACC_222,BANK_BD_02,24500,USD,2026-02-11 21:05:00,0,0
TXN_5905,ACC_110,BANK_UK_01,1395900,USD,2026-01-05 02:55:00,1,1
TXN_5906,ACC_155,BANK_BD_01,24650,USD,2026-03-03 18:49:00,0,0
TXN_5907,ACC_116,BANK_UK_02,52052,USD,2026-03-09 12:46:00,0,0
TXN_5908,ACC_228,BANK_UK_02,27126,USD,2026-03-05 04:38:00,0,0
TXN_5909,ACC_120,BANK_BD_01,61654,USD,2026-03-23 11:36:00,0,0
TXN_5910,ACC_130,BANK_BD_01,2480,USD,2026-03-30 02:12:00,1,1
TXN_5911,ACC_209,BANK_BD_02,32306,USD,2026-02-17 21:58:00,0,0
TXN_5912,ACC_219,BANK_BD_02,553833,USD,2026-03-13 10:37:00,1,1
TXN_5913,ACC_296,BANK_UK_01,60660,USD,2026-02-06 21:49:00,0,0
TXN_5914,ACC_234,BANK_UK_01,924257,USD,2026-01-06 20:19:00,1,1
TXN_5915,ACC_292,BANK_UK_02,4335,USD,2026-02-08 01:53:00,1,1
TXN_5916,ACC_161,BANK_BD_01,970080,USD,2026-02-15 12:36:00,1,1
TXN_5917,ACC_117,BANK_BD_01,1380240,USD,2026-01-23 01:35:00,1,1
TXN_5918,ACC_132,BANK_UK_02,33384,USD,2026-01-21 19:52:00,0,0
TXN_5919,ACC_160,BANK_BD_01,6264,USD,2026-03-16 06:13:00,1,1
TXN_5920,ACC_118,BANK_BD_02,73304,USD,2026-03-23 11:14:00,0,0
TXN_5921,ACC_185,BANK_UK_01,2592,USD,2026-02-07 22:09:00,0,0
TXN_5922,ACC_263,BANK_BD_01,371690,USD,2026-03-19 18:00:00,1,1
TXN_5923,ACC_171,BANK_BD_02,29448,USD,2026-02-18 22:12:00,0,0
TXN_5924,ACC_153,BANK_BD_02,69965,USD,2026-03-27 22:33:00,0,0
TXN_5925,ACC_272,BANK_UK_01,9180,USD,2026-02-24 01:01:00,0,0
TXN_5926,ACC_111,BANK_UK_01,45540,USD,2026-03-27 16:47:00,0,0
TXN_5927,ACC_132,BANK_BD_02,779076,USD,2026-02-27 07:37:00,1,1
TXN_5928,ACC_299,BANK_BD_02,37170,USD,2026-03-12 08:23:00,0,0
TXN_5929,ACC_188,BANK_BD_01,34437,USD,2026-03-28 12:17:00,0,0
TXN_5930,ACC_164,BANK_UK_02,8832,USD,2026-01-22 14:41:00,0,0
TXN_5931,ACC_164,BANK_UK_02,33280,USD,2026-03-05 15:02:00,0,0
TXN_5932,ACC_203,BANK_UK_02,1829030,USD,2026-01-04 00:39:00,1,1
TXN_5933,ACC_149,BANK_BD_02,35612,USD,2026-02-07 06:21:00,0,0
TXN_5934,ACC_176,BANK_UK_01,47085,USD,2026-03-04 03:39:00,0,0
TXN_5935,ACC_201,BANK_BD_02,96672,USD,2026-02-24 23:09:00,0,0
TXN_5936,ACC_107,BANK_UK_01,3598,USD,2026-03-28 16:34:00,1,1
TXN_5937,ACC_298,BANK_BD_02,10050,USD,2026-01-31 12:14:00,0,0
TXN_5938,ACC_121,BANK_UK_02,56375,USD,2026-01-12 04:05:00,0,0
TXN_5939,ACC_107,BANK_BD_02,2675,USD,2026-01-31 18:06:00,0,0
TXN_5940,ACC_180,BANK_UK_01,43428,USD,2026-02-21 18:26:00,0,0
TXN_5941,ACC_142,BANK_UK_02,59745,USD,2026-03-31 21:03:00,0,0
TXN_5942,ACC_130,BANK_UK_02,4471,USD,2026-02-13 04:51:00,0,0
TXN_5943,ACC_121,BANK_BD_01,19980,USD,2026-02-26 23:15:00,0,0
TXN_5944,ACC_236,BANK_BD_01,38484,USD,2026-03-06 14:44:00,0,0
TXN_5945,ACC_142,BANK_UK_02,49726,USD,2026-01-29 21:09:00,0,0
TXN_5946,ACC_243,BANK_BD_02,79148,USD,2026-02-10 19:40:00,0,0
TXN_5947,ACC_276,BANK_BD_01,27326,USD,2026-02-09 13:51:00,0,0
TXN_5948,ACC_227,BANK_BD_02,31230,USD,2026-03-13 15:12:00,0,0
TXN_5949,ACC_288,BANK_BD_01,79352,USD,2026-02-26 09:37:00,0,0
TXN_5950,ACC_278,BANK_UK_01,39401,USD,2026-03-03 00:10:00,0,0
TXN_5951,ACC_247,BANK_UK_01,16380,USD,2026-03-10 20:59:00,0,0
TXN_5952,ACC_115,BANK_BD_01,3400,USD,2026-02-04 08:40:00,0,0
TXN_5953,ACC_180,BANK_UK_02,47806,USD,2026-03-15 04:55:00,0,0
TXN_5954,ACC_155,BANK_BD_01,38126,USD,2026-03-07 19:50:00,0,0
TXN_5955,ACC_296,BANK_BD_02,106259,USD,2026-03-04 08:02:00,0,0
TXN_5956,ACC_229,BANK_BD_01,77500,USD,2026-01-16 21:15:00,0,0
TXN_5957,ACC_101,BANK_UK_01,52338,USD,2026-03-11 13:22:00,0,0
TXN_5958,ACC_293,BANK_BD_01,16030,USD,2026-01-06 13:01:00,0,0
TXN_5959,ACC_292,BANK_BD_01,50364,USD,2026-03-19 18:04:00,0,0
TXN_5960,ACC_186,BANK_UK_01,1374300,USD,2026-03-04 01:46:00,1,1
TXN_5961,ACC_172,BANK_BD_02,19575,USD,2026-03-13 07:33:00,0,0
TXN_5962,ACC_240,BANK_BD_02,6292,USD,2026-02-09 07:49:00,1,1
TXN_5963,ACC_232,BANK_UK_02,3545,USD,2026-01-24 01:16:00,1,1
TXN_5964,ACC_287,BANK_BD_01,4887,USD,2026-01-05 07:31:00,0,0
TXN_5965,ACC_211,BANK_BD_01,13149,USD,2026-02-12 07:31:00,0,0
TXN_5966,ACC_193,BANK_UK_02,55857,USD,2026-02-12 22:57:00,0,0
TXN_5967,ACC_109,BANK_BD_02,28424,USD,2026-02-06 01:55:00,0,0
TXN_5968,ACC_192,BANK_BD_01,77919,USD,2026-03-18 20:49:00,0,0
TXN_5969,ACC_265,BANK_BD_01,11856,USD,2026-03-13 15:37:00,0,0
TXN_5970,ACC_154,BANK_UK_02,7800,USD,2026-01-17 04:59:00,0,0
TXN_5971,ACC_180,BANK_BD_02,27000,USD,2026-03-20 00:55:00,0,0
TXN_5972,ACC_187,BANK_BD_01,44720,USD,2026-02-11 13:25:00,0,0
TXN_5973,ACC_247,BANK_UK_01,35699,USD,2026-03-19 22:59:00,0,0
TXN_5974,ACC_212,BANK_UK_01,68590,USD,2026-01-31 19:43:00,0,0
TXN_5975,ACC_261,BANK_UK_01,32448,USD,2026-03-25 09:11:00,0,0
TXN_5976,ACC_295,BANK_UK_01,6390,USD,2026-01-14 13:43:00,0,0
TXN_5977,ACC_156,BANK_UK_01,15680,USD,2026-03-19 22:14:00,0,0
TXN_5978,ACC_274,BANK_UK_02,28595,USD,2026-03-16 12:12:00,0,0
TXN_5979,ACC_146,BANK_BD_02,5203,USD,2026-03-14 05:07:00,0,0
TXN_5980,ACC_101,BANK_UK_02,31899,USD,2026-03-11 12:11:00,0,0
TXN_5981,ACC_191,BANK_BD_02,28728,USD,2026-03-10 06:46:00,0,0
TXN_5982,ACC_194,BANK_BD_02,49712,USD,2026-01-21 13:39:00,0,0
TXN_5983,ACC_211,BANK_UK_02,62577,USD,2026-02-23 13:10:00,0,0
TXN_5984,ACC_154,BANK_BD_02,51560,USD,2026-03-17 02:29:00,0,0
TXN_5985,ACC_162,BANK_UK_01,38400,USD,2026-03-22 16:51:00,0,0
TXN_5986,ACC_135,BANK_BD_02,27563,USD,2026-01-06 03:45:00,0,0
TXN_5987,ACC_262,BANK_BD_02,2184890,USD,2026-03-21 06:26:00,1,1
TXN_5988,ACC_177,BANK_UK_01,72462,USD,2026-02-09 05:20:00,0,0
TXN_5989,ACC_133,BANK_BD_01,38880,USD,2026-03-02 09:48:00,0,0
TXN_5990,ACC_193,BANK_BD_02,29796,USD,2026-02-20 00:23:00,0,0
TXN_5991,ACC_241,BANK_BD_01,63546,USD,2026-03-09 05:53:00,0,0
TXN_5992,ACC_224,BANK_BD_01,2616292,USD,2026-03-06 19:51:00,1,1
TXN_5993,ACC_287,BANK_BD_01,50512,USD,2026-03-19 23:08:00,0,0
TXN_5994,ACC_111,BANK_UK_02,81050,USD,2026-02-05 23:09:00,0,0
TXN_5995,ACC_289,BANK_BD_01,17575,USD,2026-01-02 22:58:00,0,0
TXN_5996,ACC_171,BANK_UK_02,111805,USD,2026-03-13 14:51:00,0,0
TXN_5997,ACC_284,BANK_BD_01,47584,USD,2026-02-16 16:16:00,0,0
TXN_5998,ACC_280,BANK_BD_02,23296,USD,2026-02-15 22:59:00,0,0
TXN_5999,ACC_135,BANK_UK_01,39862,USD,2026-01-27 16:31:00,0,0
