txn_id,ship_id,hs_code,commodity,unit_price,quantity,amount,origin_port
TXN_5000,SHIP_V_1000,382499,Industrial Chemicals,55,239,13145,Singapore
TXN_5001,SHIP_V_1001,530310,Raw Jute,50,1911,95550,Singapore
TXN_5002,SHIP_V_1002,530310,Raw Jute,54,266,14364,Dhaka
TXN_5003,SHIP_V_1003,530310,Raw Jute,57,1257,71649,Southampton
TXN_5004,SHIP_V_1004,851713,Smartphones,42,1627,68334,Southampton
TXN_5005,SHIP_V_1005,382499,Industrial Chemicals,57,112,6384,Southampton
TXN_5006,SHIP_V_1006,382499,Industrial Chemicals,18,1250,22500,Chittagong
TXN_5007,SHIP_V_1007,610910,Ready-made Garments,45,1529,68805,Chittagong
TXN_5008,SHIP_V_1008,382499,Industrial Chemicals,22,648,14256,Dhaka
TXN_5009,SHIP_V_1009,530310,Raw Jute,42,1144,48048,Dhaka
TXN_5010,SHIP_V_1010,851713,Smartphones,39,1662,64818,Singapore
TXN_5011,SHIP_V_1011,851713,Smartphones,17,264,4488,Southampton
TXN_5012,SHIP_V_1012,382499,Industrial Chemicals,1,932,932,Southampton
TXN_5013,SHIP_V_1013,382499,Industrial Chemicals,31,1592,49352,Dhaka
TXN_5014,SHIP_V_1014,851713,Smartphones,40,1150,46000,Southampton
TXN_5015,SHIP_V_1015,382499,Industrial Chemicals,33,539,17787,Port of London
TXN_5016,SHIP_V_1016,530310,Raw Jute,46,1399,64354,Port of London
TXN_5017,SHIP_V_1017,382499,Industrial Chemicals,60,1332,79920,Chittagong
TXN_5018,SHIP_V_1018,530310,Raw Jute,53,1817,96301,Port of London
TXN_5019,SHIP_V_1019,610910,Ready-made Garments,53,121,6413,Southampton
TXN_5020,SHIP_V_1020,851713,Smartphones,4,929,3716,Port of London
TXN_5021,SHIP_V_1021,530310,Raw Jute,45,890,40050,Dhaka
TXN_5022,SHIP_V_1022,610910,Ready-made Garments,50,442,22100,Southampton
TXN_5023,SHIP_V_1023,382499,Industrial Chemicals,1721,364,626444,Singapore
TXN_5024,SHIP_V_1024,382499,Industrial Chemicals,46,172,7912,Dhaka
TXN_5025,SHIP_V_1025,851713,Smartphones,58,489,28362,Chittagong
TXN_5026,SHIP_V_1026,854143,Solar Panels,53,413,21889,Singapore
TXN_5027,SHIP_V_1027,382499,Industrial Chemicals,42,998,41916,Dhaka
TXN_5028,SHIP_V_1028,382499,Industrial Chemicals,2921,300,876300,Dhaka
TXN_5029,SHIP_V_1029,851713,Smartphones,4989,806,4021134,Chittagong
TXN_5030,SHIP_V_1030,854143,Solar Panels,47,596,28012,Port of London
TXN_5031,SHIP_V_1031,530310,Raw Jute,44,1623,71412,Chittagong
TXN_5032,SHIP_V_1032,851713,Smartphones,2885,457,1318445,Dhaka
TXN_5033,SHIP_V_1033,382499,Industrial Chemicals,55,237,13035,Singapore
TXN_5034,SHIP_V_1034,854143,Solar Panels,52,106,5512,Southampton
TXN_5035,SHIP_V_1035,851713,Smartphones,2,1454,2908,Southampton
TXN_5036,SHIP_V_1036,851713,Smartphones,60,1244,74640,Southampton
TXN_5037,SHIP_V_1037,382499,Industrial Chemicals,1,1969,1969,Singapore
TXN_5038,SHIP_V_1038,610910,Ready-made Garments,19,1402,26638,Chittagong
TXN_5039,SHIP_V_1039,610910,Ready-made Garments,58,1628,94424,Southampton
TXN_5040,SHIP_V_1040,851713,Smartphones,16,1092,17472,Southampton
TXN_5041,SHIP_V_1041,610910,Ready-made Garments,45,1937,87165,Port of London
TXN_5042,SHIP_V_1042,610910,Ready-made Garments,30,1575,47250,Dhaka
TXN_5043,SHIP_V_1043,854143,Solar Panels,28,846,23688,Chittagong
TXN_5044,SHIP_V_1044,610910,Ready-made Garments,48,1173,56304,Port of London
TXN_5045,SHIP_V_1045,610910,Ready-made Garments,33,802,26466,Port of London
TXN_5046,SHIP_V_1046,854143,Solar Panels,21,1323,27783,Southampton
TXN_5047,SHIP_V_1047,382499,Industrial Chemicals,36,1561,56196,Chittagong
TXN_5048,SHIP_V_1048,854143,Solar Panels,23,766,17618,Dhaka
TXN_5049,SHIP_V_1049,382499,Industrial Chemicals,33,370,12210,Port of London
TXN_5050,SHIP_V_1050,530310,Raw Jute,40,326,13040,Chittagong
TXN_5051,SHIP_V_1051,610910,Ready-made Garments,59,1374,81066,Singapore
TXN_5052,SHIP_V_1052,851713,Smartphones,40,478,19120,Dhaka
TXN_5053,SHIP_V_1053,854143,Solar Panels,35,1635,57225,Chittagong
TXN_5054,SHIP_V_1054,530310,Raw Jute,39,1105,43095,Port of London
TXN_5055,SHIP_V_1055,851713,Smartphones,34,1283,43622,Dhaka
TXN_5056,SHIP_V_1056,610910,Ready-made Garments,32,1915,61280,Dhaka
TXN_5057,SHIP_V_1057,382499,Industrial Chemicals,52,113,5876,Southampton
TXN_5058,SHIP_V_1058,530310,Raw Jute,55,1257,69135,Dhaka
TXN_5059,SHIP_V_1059,382499,Industrial Chemicals,45,1506,67770,Singapore
TXN_5060,SHIP_V_1060,530310,Raw Jute,34,1483,50422,Dhaka
TXN_5061,SHIP_V_1061,382499,Industrial Chemicals,55,1618,88990,Singapore
TXN_5062,SHIP_V_1062,610910,Ready-made Garments,19,1377,26163,Southampton
TXN_5063,SHIP_V_1063,382499,Industrial Chemicals,16,1341,21456,Chittagong
TXN_5064,SHIP_V_1064,530310,Raw Jute,39,548,21372,Southampton
TXN_5065,SHIP_V_1065,610910,Ready-made Garments,32,925,29600,Southampton
TXN_5066,SHIP_V_1066,610910,Ready-made Garments,55,1150,63250,Chittagong
TXN_5067,SHIP_V_1067,851713,Smartphones,22,1241,27302,Dhaka
TXN_5068,SHIP_V_1068,530310,Raw Jute,18,1514,27252,Port of London
TXN_5069,SHIP_V_1069,610910,Ready-made Garments,30,460,13800,Port of London
TXN_5070,SHIP_V_1070,610910,Ready-made Garments,27,998,26946,Singapore
TXN_5071,SHIP_V_1071,851713,Smartphones,29,150,4350,Singapore
TXN_5072,SHIP_V_1072,854143,Solar Panels,44,884,38896,Port of London
TXN_5073,SHIP_V_1073,610910,Ready-made Garments,22,1986,43692,Southampton
TXN_5074,SHIP_V_1074,851713,Smartphones,2789,536,1494904,Singapore
TXN_5075,SHIP_V_1075,530310,Raw Jute,51,673,34323,Chittagong
TXN_5076,SHIP_V_1076,530310,Raw Jute,60,2000,120000,Dhaka
TXN_5077,SHIP_V_1077,530310,Raw Jute,40,745,29800,Chittagong
TXN_5078,SHIP_V_1078,382499,Industrial Chemicals,4210,864,3637440,Port of London
TXN_5079,SHIP_V_1079,610910,Ready-made Garments,46,1410,64860,Singapore
TXN_5080,SHIP_V_1080,854143,Solar Panels,53,1609,85277,Port of London
TXN_5081,SHIP_V_1081,382499,Industrial Chemicals,47,1186,55742,Port of London
TXN_5082,SHIP_V_1082,530310,Raw Jute,58,714,41412,Chittagong
TXN_5083,SHIP_V_1083,382499,Industrial Chemicals,33,1415,46695,Dhaka
TXN_5084,SHIP_V_1084,851713,Smartphones,23,1992,45816,Southampton
TXN_5085,SHIP_V_1085,382499,Industrial Chemicals,37,1620,59940,Dhaka
TXN_5086,SHIP_V_1086,610910,Ready-made Garments,33,633,20889,Port of London
TXN_5087,SHIP_V_1087,854143,Solar Panels,27,1101,29727,Dhaka
TXN_5088,SHIP_V_1088,382499,Industrial Chemicals,2322,311,722142,Dhaka
TXN_5089,SHIP_V_1089,854143,Solar Panels,44,1976,86944,Chittagong
TXN_5090,SHIP_V_1090,610910,Ready-made Garments,48,881,42288,Dhaka
TXN_5091,SHIP_V_1091,382499,Industrial Chemicals,45,102,4590,Dhaka
TXN_5092,SHIP_V_1092,610910,Ready-made Garments,34,657,22338,Port of London
TXN_5093,SHIP_V_1093,854143,Solar Panels,58,1960,113680,Dhaka
TXN_5094,SHIP_V_1094,854143,Solar Panels,57,971,55347,Singapore
TXN_5095,SHIP_V_1095,610910,Ready-made Garments,39,1172,45708,Chittagong
TXN_5096,SHIP_V_1096,851713,Smartphones,4088,763,3119144,Chittagong
TXN_5097,SHIP_V_1097,851713,Smartphones,3,848,2544,Southampton
TXN_5098,SHIP_V_1098,530310,Raw Jute,60,1816,108960,Chittagong
TXN_5099,SHIP_V_1099,530310,Raw Jute,32,1407,45024,Dhaka
TXN_5100,SHIP_V_1100,854143,Solar Panels,35,1016,35560,Chittagong
TXN_5101,SHIP_V_1101,854143,Solar Panels,54,407,21978,Southampton
TXN_5102,SHIP_V_1102,530310,Raw Jute,16,326,5216,Port of London
TXN_5103,SHIP_V_1103,851713,Smartphones,32,1313,42016,Chittagong
TXN_5104,SHIP_V_1104,530310,Raw Jute,16,1557,24912,Dhaka
TXN_5105,SHIP_V_1105,530310,Raw Jute,32,1331,42592,Singapore
TXN_5106,SHIP_V_1106,854143,Solar Panels,24,1210,29040,Southampton
TXN_5107,SHIP_V_1107,610910,Ready-made Garments,56,1376,77056,Singapore
TXN_5108,SHIP_V_1108,854143,Solar Panels,20,957,19140,Chittagong
TXN_5109,SHIP_V_1109,610910,Ready-made Garments,34,108,3672,Chittagong
TXN_5110,SHIP_V_1110,610910,Ready-made Garments,35,1088,38080,Singapore
TXN_5111,SHIP_V_1111,530310,Raw Jute,22,1802,39644,Southampton
TXN_5112,SHIP_V_1112,854143,Solar Panels,44,1101,48444,Dhaka
TXN_5113,SHIP_V_1113,854143,Solar Panels,24,1844,44256,Southampton
TXN_5114,SHIP_V_1114,851713,Smartphones,51,227,11577,Dhaka
TXN_5115,SHIP_V_1115,382499,Industrial Chemicals,46,770,35420,Dhaka
TXN_5116,SHIP_V_1116,851713,Smartphones,2061,747,1539567,Chittagong
TXN_5117,SHIP_V_1117,610910,Ready-made Garments,34,1305,44370,Southampton
TXN_5118,SHIP_V_1118,610910,Ready-made Garments,43,692,29756,Southampton
TXN_5119,SHIP_V_1119,854143,Solar Panels,35,1494,52290,Singapore
TXN_5120,SHIP_V_1120,530310,Raw Jute,45,955,42975,Port of London
TXN_5121,SHIP_V_1121,854143,Solar Panels,36,1214,43704,Dhaka
TXN_5122,SHIP_V_1122,530310,Raw Jute,53,1644,87132,Port of London
TXN_5123,SHIP_V_1123,851713,Smartphones,34,1027,34918,Chittagong
TXN_5124,SHIP_V_1124,382499,Industrial Chemicals,36,108,3888,Port of London
TXN_5125,SHIP_V_1125,851713,Smartphones,52,1834,95368,Southampton
TXN_5126,SHIP_V_1126,610910,Ready-made Garments,59,542,31978,Singapore
TXN_5127,SHIP_V_1127,382499,Industrial Chemicals,3,1521,4563,Port of London
TXN_5128,SHIP_V_1128,382499,Industrial Chemicals,18,793,14274,Dhaka
TXN_5129,SHIP_V_1129,851713,Smartphones,3,852,2556,Southampton
TXN_5130,SHIP_V_1130,610910,Ready-made Garments,52,179,9308,Chittagong
TXN_5131,SHIP_V_1131,610910,Ready-made Garments,18,1720,30960,Chittagong
TXN_5132,SHIP_V_1132,854143,Solar Panels,44,1388,61072,Chittagong
TXN_5133,SHIP_V_1133,851713,Smartphones,4373,827,3616471,Dhaka
TXN_5134,SHIP_V_1134,610910,Ready-made Garments,60,1591,95460,Singapore
TXN_5135,SHIP_V_1135,382499,Industrial Chemicals,4,1886,7544,Port of London
TXN_5136,SHIP_V_1136,382499,Industrial Chemicals,37,1370,50690,Dhaka
TXN_5137,SHIP_V_1137,854143,Solar Panels,21,466,9786,Port of London
TXN_5138,SHIP_V_1138,530310,Raw Jute,19,1440,27360,Chittagong
TXN_5139,SHIP_V_1139,851713,Smartphones,2,1127,2254,Dhaka
TXN_5140,SHIP_V_1140,851713,Smartphones,44,1132,49808,Singapore
TXN_5141,SHIP_V_1141,610910,Ready-made Garments,53,320,16960,Southampton
TXN_5142,SHIP_V_1142,530310,Raw Jute,34,787,26758,Port of London
TXN_5143,SHIP_V_1143,851713,Smartphones,24,104,2496,Southampton
TXN_5144,SHIP_V_1144,854143,Solar Panels,41,406,16646,Chittagong
TXN_5145,SHIP_V_1145,530310,Raw Jute,42,1512,63504,Singapore
TXN_5146,SHIP_V_1146,610910,Ready-made Garments,28,1105,30940,Chittagong
TXN_5147,SHIP_V_1147,854143,Solar Panels,30,1593,47790,Dhaka
TXN_5148,SHIP_V_1148,854143,Solar Panels,50,1305,65250,Singapore
TXN_5149,SHIP_V_1149,851713,Smartphones,41,795,32595,Chittagong
TXN_5150,SHIP_V_1150,610910,Ready-made Garments,53,1561,82733,Southampton
TXN_5151,SHIP_V_1151,851713,Smartphones,42,1132,47544,Dhaka
TXN_5152,SHIP_V_1152,382499,Industrial Chemicals,51,1903,97053,Port of London
TXN_5153,SHIP_V_1153,854143,Solar Panels,29,301,8729,Singapore
TXN_5154,SHIP_V_1154,610910,Ready-made Garments,46,793,36478,Dhaka
TXN_5155,SHIP_V_1155,854143,Solar Panels,44,1359,59796,Dhaka
TXN_5156,SHIP_V_1156,851713,Smartphones,18,1156,20808,Singapore
TXN_5157,SHIP_V_1157,851713,Smartphones,44,500,22000,Singapore
TXN_5158,SHIP_V_1158,851713,Smartphones,51,787,40137,Southampton
TXN_5159,SHIP_V_1159,382499,Industrial Chemicals,54,141,7614,Port of London
TXN_5160,SHIP_V_1160,530310,Raw Jute,41,1941,79581,Southampton
TXN_5161,SHIP_V_1161,851713,Smartphones,1652,758,1252216,Chittagong
TXN_5162,SHIP_V_1162,382499,Industrial Chemicals,52,955,49660,Singapore
TXN_5163,SHIP_V_1163,851713,Smartphones,45,1456,65520,Chittagong
TXN_5164,SHIP_V_1164,530310,Raw Jute,50,586,29300,Chittagong
TXN_5165,SHIP_V_1165,610910,Ready-made Garments,20,1640,32800,Dhaka
TXN_5166,SHIP_V_1166,382499,Industrial Chemicals,34,1130,38420,Port of London
TXN_5167,SHIP_V_1167,382499,Industrial Chemicals,3982,638,2540516,Chittagong
TXN_5168,SHIP_V_1168,854143,Solar Panels,41,1879,77039,Dhaka
TXN_5169,SHIP_V_1169,851713,Smartphones,43,1066,45838,Southampton
TXN_5170,SHIP_V_1170,610910,Ready-made Garments,26,1447,37622,Singapore
TXN_5171,SHIP_V_1171,530310,Raw Jute,23,478,10994,Southampton
TXN_5172,SHIP_V_1172,854143,Solar Panels,28,760,21280,Southampton
TXN_5173,SHIP_V_1173,382499,Industrial Chemicals,15,955,14325,Port of London
TXN_5174,SHIP_V_1174,851713,Smartphones,4,1610,6440,Singapore
TXN_5175,SHIP_V_1175,530310,Raw Jute,28,1380,38640,Singapore
TXN_5176,SHIP_V_1176,382499,Industrial Chemicals,3028,946,2864488,Southampton
TXN_5177,SHIP_V_1177,382499,Industrial Chemicals,45,1793,80685,Dhaka
TXN_5178,SHIP_V_1178,610910,Ready-made Garments,37,1339,49543,Dhaka
TXN_5179,SHIP_V_1179,610910,Ready-made Garments,40,784,31360,Port of London
TXN_5180,SHIP_V_1180,851713,Smartphones,2,1520,3040,Dhaka
TXN_5181,SHIP_V_1181,610910,Ready-made Garments,29,1532,44428,Chittagong
TXN_5182,SHIP_V_1182,610910,Ready-made Garments,18,753,13554,Singapore
TXN_5183,SHIP_V_1183,530310,Raw Jute,44,528,23232,Dhaka
TXN_5184,SHIP_V_1184,610910,Ready-made Garments,43,149,6407,Southampton
TXN_5185,SHIP_V_1185,851713,Smartphones,3570,647,2309790,Port of London
TXN_5186,SHIP_V_1186,851713,Smartphones,3,755,2265,Chittagong
TXN_5187,SHIP_V_1187,382499,Industrial Chemicals,4,1466,5864,Dhaka
TXN_5188,SHIP_V_1188,530310,Raw Jute,48,284,13632,Port of London
TXN_5189,SHIP_V_1189,851713,Smartphones,3423,886,3032778,Singapore
TXN_5190,SHIP_V_1190,610910,Ready-made Garments,17,1604,27268,Chittagong
TXN_5191,SHIP_V_1191,382499,Industrial Chemicals,4499,828,3725172,Port of London
TXN_5192,SHIP_V_1192,530310,Raw Jute,56,1801,100856,Port of London
TXN_5193,SHIP_V_1193,851713,Smartphones,42,1818,76356,Southampton
TXN_5194,SHIP_V_1194,530310,Raw Jute,56,1964,109984,Dhaka
TXN_5195,SHIP_V_1195,854143,Solar Panels,52,1252,65104,Southampton
TXN_5196,SHIP_V_1196,851713,Smartphones,29,1656,48024,Southampton
TXN_5197,SHIP_V_1197,854143,Solar Panels,23,1586,36478,Dhaka
TXN_5198,SHIP_V_1198,530310,Raw Jute,16,103,1648,Southampton
TXN_5199,SHIP_V_1199,851713,Smartphones,39,949,37011,Singapore
TXN_5200,SHIP_V_1200,851713,Smartphones,15,1109,16635,Port of London
TXN_5201,SHIP_V_1201,851713,Smartphones,28,434,12152,Southampton
TXN_5202,SHIP_V_1202,851713,Smartphones,2416,590,1425440,Southampton
TXN_5203,SHIP_V_1203,530310,Raw Jute,32,726,23232,Dhaka
TXN_5204,SHIP_V_1204,854143,Solar Panels,60,500,30000,Southampton
TXN_5205,SHIP_V_1205,610910,Ready-made Garments,16,1917,30672,Singapore
TXN_5206,SHIP_V_1206,851713,Smartphones,47,360,16920,Dhaka
TXN_5207,SHIP_V_1207,382499,Industrial Chemicals,50,553,27650,Southampton
TXN_5208,SHIP_V_1208,530310,Raw Jute,54,1155,62370,Chittagong
TXN_5209,SHIP_V_1209,382499,Industrial Chemicals,4334,772,3345848,Chittagong
TXN_5210,SHIP_V_1210,530310,Raw Jute,38,793,30134,Southampton
TXN_5211,SHIP_V_1211,851713,Smartphones,32,1486,47552,Dhaka
TXN_5212,SHIP_V_1212,530310,Raw Jute,45,577,25965,Dhaka
TXN_5213,SHIP_V_1213,530310,Raw Jute,59,673,39707,Singapore
TXN_5214,SHIP_V_1214,851713,Smartphones,15,937,14055,Southampton
TXN_5215,SHIP_V_1215,610910,Ready-made Garments,49,660,32340,Southampton
TXN_5216,SHIP_V_1216,854143,Solar Panels,17,983,16711,Singapore
TXN_5217,SHIP_V_1217,851713,Smartphones,34,1886,64124,Port of London
TXN_5218,SHIP_V_1218,854143,Solar Panels,49,1515,74235,Port of London
TXN_5219,SHIP_V_1219,610910,Ready-made Garments,16,772,12352,Dhaka
TXN_5220,SHIP_V_1220,610910,Ready-made Garments,33,1480,48840,Dhaka
TXN_5221,SHIP_V_1221,851713,Smartphones,43,1508,64844,Port of London
TXN_5222,SHIP_V_1222,530310,Raw Jute,15,571,8565,Chittagong
TXN_5223,SHIP_V_1223,854143,Solar Panels,55,301,16555,Port of London
TXN_5224,SHIP_V_1224,382499,Industrial Chemicals,32,1357,43424,Chittagong
TXN_5225,SHIP_V_1225,610910,Ready-made Garments,59,854,50386,Port of London
TXN_5226,SHIP_V_1226,382499,Industrial Chemicals,33,1837,60621,Southampton
TXN_5227,SHIP_V_1227,530310,Raw Jute,51,1169,59619,Southampton
TXN_5228,SHIP_V_1228,851713,Smartphones,36,1910,68760,Singapore
TXN_5229,SHIP_V_1229,610910,Ready-made Garments,16,1469,23504,Port of London
TXN_5230,SHIP_V_1230,610910,Ready-made Garments,20,1126,22520,Southampton
TXN_5231,SHIP_V_1231,382499,Industrial Chemicals,3208,854,2739632,Singapore
TXN_5232,SHIP_V_1232,610910,Ready-made Garments,34,276,9384,Singapore
TXN_5233,SHIP_V_1233,382499,Industrial Chemicals,2615,238,622370,Port of London
TXN_5234,SHIP_V_1234,854143,Solar Panels,45,122,5490,Chittagong
TXN_5235,SHIP_V_1235,530310,Raw Jute,58,130,7540,Port of London
TXN_5236,SHIP_V_1236,530310,Raw Jute,58,725,42050,Dhaka
TXN_5237,SHIP_V_1237,382499,Industrial Chemicals,2380,588,1399440,Port of London
TXN_5238,SHIP_V_1238,851713,Smartphones,52,1439,74828,Chittagong
TXN_5239,SHIP_V_1239,382499,Industrial Chemicals,19,989,18791,Chittagong
TXN_5240,SHIP_V_1240,854143,Solar Panels,46,1140,52440,Dhaka
TXN_5241,SHIP_V_1241,530310,Raw Jute,49,435,21315,Southampton
TXN_5242,SHIP_V_1242,382499,Industrial Chemicals,35,1512,52920,Port of London
TXN_5243,SHIP_V_1243,851713,Smartphones,59,1545,91155,Southampton
TXN_5244,SHIP_V_1244,530310,Raw Jute,22,1210,26620,Singapore
TXN_5245,SHIP_V_1245,382499,Industrial Chemicals,44,517,22748,Chittagong
TXN_5246,SHIP_V_1246,854143,Solar Panels,54,499,26946,Southampton
TXN_5247,SHIP_V_1247,382499,Industrial Chemicals,15,1923,28845,Singapore
TXN_5248,SHIP_V_1248,851713,Smartphones,31,789,24459,Port of London
TXN_5249,SHIP_V_1249,610910,Ready-made Garments,44,1223,53812,Port of London
TXN_5250,SHIP_V_1250,530310,Raw Jute,54,306,16524,Port of London
TXN_5251,SHIP_V_1251,530310,Raw Jute,20,1001,20020,Dhaka
TXN_5252,SHIP_V_1252,854143,Solar Panels,52,178,9256,Dhaka
TXN_5253,SHIP_V_1253,854143,Solar Panels,17,1277,21709,Port of London
TXN_5254,SHIP_V_1254,530310,Raw Jute,27,789,21303,Dhaka
TXN_5255,SHIP_V_1255,851713,Smartphones,44,1764,77616,Port of London
TXN_5256,SHIP_V_1256,851713,Smartphones,25,652,16300,Southampton
TXN_5257,SHIP_V_1257,854143,Solar Panels,30,1792,53760,Southampton
TXN_5258,SHIP_V_1258,851713,Smartphones,36,150,5400,Dhaka
TXN_5259,SHIP_V_1259,851713,Smartphones,58,254,14732,Chittagong
TXN_5260,SHIP_V_1260,610910,Ready-made Garments,20,1716,34320,Chittagong
TXN_5261,SHIP_V_1261,382499,Industrial Chemicals,2473,461,1140053,Chittagong
TXN_5262,SHIP_V_1262,851713,Smartphones,57,354,20178,Port of London
TXN_5263,SHIP_V_1263,851713,Smartphones,5,1012,5060,Dhaka
TXN_5264,SHIP_V_1264,530310,Raw Jute,35,1360,47600,Dhaka
TXN_5265,SHIP_V_1265,854143,Solar Panels,27,963,26001,Chittagong
TXN_5266,SHIP_V_1266,382499,Industrial Chemicals,4494,822,3694068,Singapore
TXN_5267,SHIP_V_1267,530310,Raw Jute,21,1701,35721,Singapore
TXN_5268,SHIP_V_1268,851713,Smartphones,60,126,7560,Port of London
TXN_5269,SHIP_V_1269,851713,Smartphones,3052,802,2447704,Singapore
TXN_5270,SHIP_V_1270,530310,Raw Jute,60,329,19740,Dhaka
TXN_5271,SHIP_V_1271,382499,Industrial Chemicals,4707,815,3836205,Chittagong
TXN_5272,SHIP_V_1272,854143,Solar Panels,59,541,31919,Dhaka
TXN_5273,SHIP_V_1273,382499,Industrial Chemicals,5,1078,5390,Chittagong
TXN_5274,SHIP_V_1274,854143,Solar Panels,31,1107,34317,Chittagong
TXN_5275,SHIP_V_1275,854143,Solar Panels,43,911,39173,Singapore
TXN_5276,SHIP_V_1276,610910,Ready-made Garments,57,1988,113316,Dhaka
TXN_5277,SHIP_V_1277,851713,Smartphones,60,131,7860,Singapore
TXN_5278,SHIP_V_1278,382499,Industrial Chemicals,37,1497,55389,Southampton
TXN_5279,SHIP_V_1279,530310,Raw Jute,27,1433,38691,Dhaka
TXN_5280,SHIP_V_1280,530310,Raw Jute,40,210,8400,Southampton
TXN_5281,SHIP_V_1281,610910,Ready-made Garments,60,1273,76380,Dhaka
TXN_5282,SHIP_V_1282,530310,Raw Jute,22,289,6358,Southampton
TXN_5283,SHIP_V_1283,382499,Industrial Chemicals,3944,970,3825680,Chittagong
TXN_5284,SHIP_V_1284,851713,Smartphones,2114,558,1179612,Singapore
TXN_5285,SHIP_V_1285,610910,Ready-made Garments,45,1199,53955,Singapore
TXN_5286,SHIP_V_1286,530310,Raw Jute,54,319,17226,Port of London
TXN_5287,SHIP_V_1287,382499,Industrial Chemicals,16,1983,31728,Singapore
TXN_5288,SHIP_V_1288,382499,Industrial Chemicals,3859,609,2350131,Dhaka
TXN_5289,SHIP_V_1289,851713,Smartphones,37,1638,60606,Singapore
TXN_5290,SHIP_V_1290,530310,Raw Jute,55,1810,99550,Chittagong
TXN_5291,SHIP_V_1291,851713,Smartphones,1518,772,1171896,Dhaka
TXN_5292,SHIP_V_1292,382499,Industrial Chemicals,42,1194,50148,Chittagong
TXN_5293,SHIP_V_1293,382499,Industrial Chemicals,1,1904,1904,Southampton
TXN_5294,SHIP_V_1294,854143,Solar Panels,57,1302,74214,Dhaka
TXN_5295,SHIP_V_1295,382499,Industrial Chemicals,17,961,16337,Dhaka
TXN_5296,SHIP_V_1296,610910,Ready-made Garments,52,1878,97656,Port of London
TXN_5297,SHIP_V_1297,851713,Smartphones,56,480,26880,Dhaka
TXN_5298,SHIP_V_1298,851713,Smartphones,22,358,7876,Southampton
TXN_5299,SHIP_V_1299,851713,Smartphones,59,198,11682,Port of London
TXN_5300,SHIP_V_1300,851713,Smartphones,18,321,5778,Port of London
TXN_5301,SHIP_V_1301,382499,Industrial Chemicals,5,1927,9635,Dhaka
TXN_5302,SHIP_V_1302,610910,Ready-made Garments,37,1675,61975,Dhaka
TXN_5303,SHIP_V_1303,854143,Solar Panels,36,1557,56052,Chittagong
TXN_5304,SHIP_V_1304,382499,Industrial Chemicals,2220,422,936840,Singapore
TXN_5305,SHIP_V_1305,610910,Ready-made Garments,18,1771,31878,Singapore
TXN_5306,SHIP_V_1306,610910,Ready-made Garments,26,1370,35620,Chittagong
TXN_5307,SHIP_V_1307,530310,Raw Jute,42,982,41244,Southampton
TXN_5308,SHIP_V_1308,610910,Ready-made Garments,40,108,4320,Chittagong
TXN_5309,SHIP_V_1309,854143,Solar Panels,37,1734,64158,Dhaka
TXN_5310,SHIP_V_1310,382499,Industrial Chemicals,4023,721,2900583,Dhaka
TXN_5311,SHIP_V_1311,530310,Raw Jute,31,1230,38130,Southampton
TXN_5312,SHIP_V_1312,851713,Smartphones,21,661,13881,Dhaka
TXN_5313,SHIP_V_1313,851713,Smartphones,40,871,34840,Southampton
TXN_5314,SHIP_V_1314,530310,Raw Jute,55,209,11495,Singapore
TXN_5315,SHIP_V_1315,854143,Solar Panels,20,1086,21720,Singapore
TXN_5316,SHIP_V_1316,610910,Ready-made Garments,49,200,9800,Port of London
TXN_5317,SHIP_V_1317,382499,Industrial Chemicals,26,316,8216,Dhaka
TXN_5318,SHIP_V_1318,851713,Smartphones,52,487,25324,Chittagong
TXN_5319,SHIP_V_1319,854143,Solar Panels,43,1759,75637,Singapore
TXN_5320,SHIP_V_1320,851713,Smartphones,29,147,4263,Dhaka
TXN_5321,SHIP_V_1321,851713,Smartphones,32,1030,32960,Dhaka
TXN_5322,SHIP_V_1322,851713,Smartphones,15,155,2325,Port of London
TXN_5323,SHIP_V_1323,610910,Ready-made Garments,37,1891,69967,Dhaka
TXN_5324,SHIP_V_1324,530310,Raw Jute,21,1334,28014,Chittagong
TXN_5325,SHIP_V_1325,382499,Industrial Chemicals,59,186,10974,Dhaka
TXN_5326,SHIP_V_1326,854143,Solar Panels,29,808,23432,Chittagong
TXN_5327,SHIP_V_1327,851713,Smartphones,35,1911,66885,Southampton
TXN_5328,SHIP_V_1328,851713,Smartphones,1486,599,890114,Port of London
TXN_5329,SHIP_V_1329,851713,Smartphones,30,1535,46050,Chittagong
TXN_5330,SHIP_V_1330,851713,Smartphones,17,1576,26792,Southampton
TXN_5331,SHIP_V_1331,851713,Smartphones,43,1384,59512,Southampton
TXN_5332,SHIP_V_1332,851713,Smartphones,5,595,2975,Chittagong
TXN_5333,SHIP_V_1333,530310,Raw Jute,44,1574,69256,Port of London
TXN_5334,SHIP_V_1334,382499,Industrial Chemicals,2139,392,838488,Dhaka
TXN_5335,SHIP_V_1335,854143,Solar Panels,56,1670,93520,Port of London
TXN_5336,SHIP_V_1336,382499,Industrial Chemicals,35,1032,36120,Port of London
TXN_5337,SHIP_V_1337,530310,Raw Jute,18,478,8604,Chittagong
TXN_5338,SHIP_V_1338,530310,Raw Jute,25,1909,47725,Southampton
TXN_5339,SHIP_V_1339,610910,Ready-made Garments,49,134,6566,Chittagong
TXN_5340,SHIP_V_1340,851713,Smartphones,16,1613,25808,Port of London
TXN_5341,SHIP_V_1341,530310,Raw Jute,37,418,15466,Chittagong
TXN_5342,SHIP_V_1342,851713,Smartphones,2285,465,1062525,Chittagong
TXN_5343,SHIP_V_1343,610910,Ready-made Garments,29,874,25346,Southampton
TXN_5344,SHIP_V_1344,851713,Smartphones,55,292,16060,Singapore
TXN_5345,SHIP_V_1345,851713,Smartphones,23,134,3082,Chittagong
TXN_5346,SHIP_V_1346,610910,Ready-made Garments,19,1845,35055,Southampton
TXN_5347,SHIP_V_1347,851713,Smartphones,35,734,25690,Dhaka
TXN_5348,SHIP_V_1348,610910,Ready-made Garments,25,276,6900,Dhaka
TXN_5349,SHIP_V_1349,610910,Ready-made Garments,24,1781,42744,Singapore
TXN_5350,SHIP_V_1350,854143,Solar Panels,25,547,13675,Dhaka
TXN_5351,SHIP_V_1351,854143,Solar Panels,41,1700,69700,Port of London
TXN_5352,SHIP_V_1352,851713,Smartphones,50,1027,51350,Singapore
TXN_5353,SHIP_V_1353,610910,Ready-made Garments,50,330,16500,Singapore
TXN_5354,SHIP_V_1354,530310,Raw Jute,44,446,19624,Port of London
TXN_5355,SHIP_V_1355,530310,Raw Jute,31,944,29264,Port of London
TXN_5356,SHIP_V_1356,530310,Raw Jute,51,436,22236,Singapore
TXN_5357,SHIP_V_1357,851713,Smartphones,2987,296,884152,Port of London
TXN_5358,SHIP_V_1358,382499,Industrial Chemicals,51,1760,89760,Singapore
TXN_5359,SHIP_V_1359,854143,Solar Panels,46,1252,57592,Port of London
TXN_5360,SHIP_V_1360,854143,Solar Panels,49,1862,91238,Port of London
TXN_5361,SHIP_V_1361,382499,Industrial Chemicals,2014,207,416898,Dhaka
TXN_5362,SHIP_V_1362,382499,Industrial Chemicals,23,1372,31556,Port of London
TXN_5363,SHIP_V_1363,530310,Raw Jute,58,466,27028,Dhaka
TXN_5364,SHIP_V_1364,851713,Smartphones,38,667,25346,Southampton
TXN_5365,SHIP_V_1365,854143,Solar Panels,55,438,24090,Singapore
TXN_5366,SHIP_V_1366,382499,Industrial Chemicals,41,1610,66010,Chittagong
TXN_5367,SHIP_V_1367,854143,Solar Panels,60,145,8700,Port of London
TXN_5368,SHIP_V_1368,382499,Industrial Chemicals,24,1292,31008,Singapore
TXN_5369,SHIP_V_1369,382499,Industrial Chemicals,37,806,29822,Port of London
TXN_5370,SHIP_V_1370,530310,Raw Jute,58,129,7482,Singapore
TXN_5371,SHIP_V_1371,851713,Smartphones,52,600,31200,Southampton
TXN_5372,SHIP_V_1372,530310,Raw Jute,55,487,26785,Dhaka
TXN_5373,SHIP_V_1373,530310,Raw Jute,17,112,1904,Port of London
TXN_5374,SHIP_V_1374,530310,Raw Jute,41,233,9553,Dhaka
TXN_5375,SHIP_V_1375,610910,Ready-made Garments,43,1393,59899,Port of London
TXN_5376,SHIP_V_1376,854143,Solar Panels,15,1887,28305,Dhaka
TXN_5377,SHIP_V_1377,610910,Ready-made Garments,43,1738,74734,Singapore
TXN_5378,SHIP_V_1378,610910,Ready-made Garments,17,1703,28951,Southampton
TXN_5379,SHIP_V_1379,851713,Smartphones,22,1040,22880,Singapore
TXN_5380,SHIP_V_1380,610910,Ready-made Garments,52,1197,62244,Dhaka
TXN_5381,SHIP_V_1381,382499,Industrial Chemicals,48,309,14832,Southampton
TXN_5382,SHIP_V_1382,610910,Ready-made Garments,22,280,6160,Southampton
TXN_5383,SHIP_V_1383,851713,Smartphones,30,1573,47190,Port of London
TXN_5384,SHIP_V_1384,610910,Ready-made Garments,58,1904,110432,Chittagong
TXN_5385,SHIP_V_1385,610910,Ready-made Garments,32,1532,49024,Chittagong
TXN_5386,SHIP_V_1386,610910,Ready-made Garments,59,1874,110566,Port of London
TXN_5387,SHIP_V_1387,851713,Smartphones,37,328,12136,Southampton
TXN_5388,SHIP_V_1388,610910,Ready-made Garments,46,338,15548,Chittagong
TXN_5389,SHIP_V_1389,851713,Smartphones,54,1596,86184,Port of London
TXN_5390,SHIP_V_1390,382499,Industrial Chemicals,42,673,28266,Southampton
TXN_5391,SHIP_V_1391,382499,Industrial Chemicals,39,1335,52065,Singapore
TXN_5392,SHIP_V_1392,382499,Industrial Chemicals,43,512,22016,Chittagong
TXN_5393,SHIP_V_1393,382499,Industrial Chemicals,5,1370,6850,Dhaka
TXN_5394,SHIP_V_1394,382499,Industrial Chemicals,30,164,4920,Southampton
TXN_5395,SHIP_V_1395,610910,Ready-made Garments,33,1479,48807,Southampton
TXN_5396,SHIP_V_1396,851713,Smartphones,17,800,13600,Chittagong
TXN_5397,SHIP_V_1397,382499,Industrial Chemicals,25,1608,40200,Port of London
TXN_5398,SHIP_V_1398,854143,Solar Panels,35,1260,44100,Singapore
TXN_5399,SHIP_V_1399,854143,Solar Panels,34,1302,44268,Port of London
TXN_5400,SHIP_V_1400,382499,Industrial Chemicals,35,1970,68950,Southampton
TXN_5401,SHIP_V_1401,610910,Ready-made Garments,55,1458,80190,Chittagong
TXN_5402,SHIP_V_1402,530310,Raw Jute,40,1714,68560,Singapore
TXN_5403,SHIP_V_1403,851713,Smartphones,56,914,51184,Chittagong
TXN_5404,SHIP_V_1404,854143,Solar Panels,44,742,32648,Chittagong
TXN_5405,SHIP_V_1405,851713,Smartphones,43,766,32938,Dhaka
TXN_5406,SHIP_V_1406,382499,Industrial Chemicals,27,1211,32697,Singapore
TXN_5407,SHIP_V_1407,851713,Smartphones,53,1637,86761,Singapore
TXN_5408,SHIP_V_1408,854143,Solar Panels,52,1473,76596,Southampton
TXN_5409,SHIP_V_1409,382499,Industrial Chemicals,47,1662,78114,Southampton
TXN_5410,SHIP_V_1410,851713,Smartphones,2422,562,1361164,Singapore
TXN_5411,SHIP_V_1411,610910,Ready-made Garments,47,1998,93906,Chittagong
TXN_5412,SHIP_V_1412,530310,Raw Jute,44,131,5764,Singapore
TXN_5413,SHIP_V_1413,851713,Smartphones,46,1838,84548,Dhaka
TXN_5414,SHIP_V_1414,530310,Raw Jute,49,1872,91728,Dhaka
TXN_5415,SHIP_V_1415,610910,Ready-made Garments,45,620,27900,Port of London
TXN_5416,SHIP_V_1416,854143,Solar Panels,34,638,21692,Chittagong
TXN_5417,SHIP_V_1417,530310,Raw Jute,21,969,20349,Dhaka
TXN_5418,SHIP_V_1418,530310,Raw Jute,40,1238,49520,Dhaka
TXN_5419,SHIP_V_1419,851713,Smartphones,2,1492,2984,Singapore
TXN_5420,SHIP_V_1420,610910,Ready-made Garments,53,1620,85860,Singapore
TXN_5421,SHIP_V_1421,851713,Smartphones,33,373,12309,Southampton
TXN_5422,SHIP_V_1422,530310,Raw Jute,59,1935,114165,Chittagong
TXN_5423,SHIP_V_1423,851713,Smartphones,40,1780,71200,Southampton
TXN_5424,SHIP_V_1424,530310,Raw Jute,23,1908,43884,Singapore
TXN_5425,SHIP_V_1425,854143,Solar Panels,26,588,15288,Dhaka
TXN_5426,SHIP_V_1426,610910,Ready-made Garments,20,946,18920,Port of London
TXN_5427,SHIP_V_1427,854143,Solar Panels,19,1891,35929,Port of London
TXN_5428,SHIP_V_1428,851713,Smartphones,41,370,15170,Port of London
TXN_5429,SHIP_V_1429,382499,Industrial Chemicals,4653,695,3233835,Port of London
TXN_5430,SHIP_V_1430,530310,Raw Jute,19,1492,28348,Chittagong
TXN_5431,SHIP_V_1431,530310,Raw Jute,22,779,17138,Southampton
TXN_5432,SHIP_V_1432,530310,Raw Jute,59,401,23659,Chittagong
TXN_5433,SHIP_V_1433,530310,Raw Jute,37,1833,67821,Dhaka
TXN_5434,SHIP_V_1434,530310,Raw Jute,46,1287,59202,Dhaka
TXN_5435,SHIP_V_1435,382499,Industrial Chemicals,52,1942,100984,Dhaka
TXN_5436,SHIP_V_1436,854143,Solar Panels,27,966,26082,Chittagong
TXN_5437,SHIP_V_1437,854143,Solar Panels,29,977,28333,Port of London
TXN_5438,SHIP_V_1438,851713,Smartphones,31,763,23653,Chittagong
TXN_5439,SHIP_V_1439,382499,Industrial Chemicals,20,277,5540,Chittagong
TXN_5440,SHIP_V_1440,854143,Solar Panels,21,1989,41769,Port of London
TXN_5441,SHIP_V_1441,854143,Solar Panels,17,463,7871,Chittagong
TXN_5442,SHIP_V_1442,530310,Raw Jute,32,1586,50752,Chittagong
TXN_5443,SHIP_V_1443,854143,Solar Panels,19,878,16682,Port of London
TXN_5444,SHIP_V_1444,851713,Smartphones,4,1051,4204,Chittagong
TXN_5445,SHIP_V_1445,382499,Industrial Chemicals,25,551,13775,Southampton
TXN_5446,SHIP_V_1446,610910,Ready-made Garments,31,1744,54064,Dhaka
TXN_5447,SHIP_V_1447,610910,Ready-made Garments,29,214,6206,Southampton
TXN_5448,SHIP_V_1448,851713,Smartphones,2379,533,1268007,Chittagong
TXN_5449,SHIP_V_1449,854143,Solar Panels,50,1176,58800,Singapore
TXN_5450,SHIP_V_1450,854143,Solar Panels,21,1217,25557,Southampton
TXN_5451,SHIP_V_1451,610910,Ready-made Garments,37,144,5328,Dhaka
TXN_5452,SHIP_V_1452,854143,Solar Panels,29,968,28072,Singapore
TXN_5453,SHIP_V_1453,530310,Raw Jute,20,455,9100,Chittagong
TXN_5454,SHIP_V_1454,530310,Raw Jute,36,633,22788,Singapore
TXN_5455,SHIP_V_1455,851713,Smartphones,54,1011,54594,Dhaka
TXN_5456,SHIP_V_1456,854143,Solar Panels,26,839,21814,Chittagong
TXN_5457,SHIP_V_1457,854143,Solar Panels,56,700,39200,Dhaka
TXN_5458,SHIP_V_1458,610910,Ready-made Garments,41,603,24723,Port of London
TXN_5459,SHIP_V_1459,851713,Smartphones,20,711,14220,Port of London
TXN_5460,SHIP_V_1460,382499,Industrial Chemicals,30,546,16380,Chittagong
TXN_5461,SHIP_V_1461,530310,Raw Jute,30,787,23610,Southampton
TXN_5462,SHIP_V_1462,610910,Ready-made Garments,38,1342,50996,Port of London
TXN_5463,SHIP_V_1463,851713,Smartphones,39,1448,56472,Dhaka
TXN_5464,SHIP_V_1464,851713,Smartphones,36,271,9756,Dhaka
TXN_5465,SHIP_V_1465,854143,Solar Panels,59,1932,113988,Southampton
TXN_5466,SHIP_V_1466,382499,Industrial Chemicals,51,1827,93177,Chittagong
TXN_5467,SHIP_V_1467,851713,Smartphones,24,168,4032,Singapore
TXN_5468,SHIP_V_1468,382499,Industrial Chemicals,53,280,14840,Southampton
TXN_5469,SHIP_V_1469,610910,Ready-made Garments,40,1732,69280,Dhaka
TXN_5470,SHIP_V_1470,530310,Raw Jute,31,1651,51181,Dhaka
TXN_5471,SHIP_V_1471,382499,Industrial Chemicals,28,983,27524,Port of London
TXN_5472,SHIP_V_1472,610910,Ready-made Garments,53,1712,90736,Dhaka
TXN_5473,SHIP_V_1473,610910,Ready-made Garments,51,614,31314,Chittagong
TXN_5474,SHIP_V_1474,610910,Ready-made Garments,26,715,18590,Port of London
TXN_5475,SHIP_V_1475,610910,Ready-made Garments,53,535,28355,Chittagong
TXN_5476,SHIP_V_1476,851713,Smartphones,18,234,4212,Dhaka
TXN_5477,SHIP_V_1477,851713,Smartphones,42,1277,53634,Chittagong
TXN_5478,SHIP_V_1478,382499,Industrial Chemicals,2035,202,411070,Singapore
TXN_5479,SHIP_V_1479,530310,Raw Jute,30,1840,55200,Dhaka
TXN_5480,SHIP_V_1480,610910,Ready-made Garments,34,1389,47226,Chittagong
TXN_5481,SHIP_V_1481,851713,Smartphones,50,961,48050,Port of London
TXN_5482,SHIP_V_1482,530310,Raw Jute,41,346,14186,Southampton
TXN_5483,SHIP_V_1483,382499,Industrial Chemicals,28,1541,43148,Dhaka
TXN_5484,SHIP_V_1484,851713,Smartphones,19,1556,29564,Southampton
TXN_5485,SHIP_V_1485,851713,Smartphones,2649,807,2137743,Chittagong
TXN_5486,SHIP_V_1486,382499,Industrial Chemicals,4322,882,3812004,Southampton
TXN_5487,SHIP_V_1487,851713,Smartphones,39,1682,65598,Port of London
TXN_5488,SHIP_V_1488,851713,Smartphones,4134,878,3629652,Southampton
TXN_5489,SHIP_V_1489,851713,Smartphones,15,545,8175,Singapore
TXN_5490,SHIP_V_1490,854143,Solar Panels,60,1737,104220,Chittagong
TXN_5491,SHIP_V_1491,854143,Solar Panels,17,1320,22440,Dhaka
TXN_5492,SHIP_V_1492,382499,Industrial Chemicals,3,1360,4080,Southampton
TXN_5493,SHIP_V_1493,382499,Industrial Chemicals,55,367,20185,Chittagong
TXN_5494,SHIP_V_1494,382499,Industrial Chemicals,26,442,11492,Dhaka
TXN_5495,SHIP_V_1495,530310,Raw Jute,38,142,5396,Port of London
TXN_5496,SHIP_V_1496,851713,Smartphones,41,1814,74374,Singapore
TXN_5497,SHIP_V_1497,610910,Ready-made Garments,22,962,21164,Chittagong
TXN_5498,SHIP_V_1498,854143,Solar Panels,35,1760,61600,Singapore
TXN_5499,SHIP_V_1499,610910,Ready-made Garments,31,1990,61690,Singapore
TXN_5500,SHIP_V_1500,610910,Ready-made Garments,50,220,11000,Dhaka
TXN_5501,SHIP_V_1501,851713,Smartphones,39,1257,49023,Port of London
TXN_5502,SHIP_V_1502,610910,Ready-made Garments,52,682,35464,Southampton
TXN_5503,SHIP_V_1503,530310,Raw Jute,55,920,50600,Dhaka
TXN_5504,SHIP_V_1504,610910,Ready-made Garments,49,676,33124,Southampton
TXN_5505,SHIP_V_1505,854143,Solar Panels,35,109,3815,Chittagong
TXN_5506,SHIP_V_1506,382499,Industrial Chemicals,42,1533,64386,Southampton
TXN_5507,SHIP_V_1507,530310,Raw Jute,37,880,32560,Chittagong
TXN_5508,SHIP_V_1508,530310,Raw Jute,43,496,21328,Singapore
TXN_5509,SHIP_V_1509,851713,Smartphones,39,1096,42744,Port of London
TXN_5510,SHIP_V_1510,382499,Industrial Chemicals,34,1302,44268,Singapore
TXN_5511,SHIP_V_1511,610910,Ready-made Garments,21,616,12936,Dhaka
TXN_5512,SHIP_V_1512,851713,Smartphones,26,642,16692,Singapore
TXN_5513,SHIP_V_1513,382499,Industrial Chemicals,44,418,18392,Chittagong
TXN_5514,SHIP_V_1514,530310,Raw Jute,51,1083,55233,Port of London
TXN_5515,SHIP_V_1515,851713,Smartphones,1989,438,871182,Port of London
TXN_5516,SHIP_V_1516,854143,Solar Panels,16,669,10704,Southampton
TXN_5517,SHIP_V_1517,530310,Raw Jute,54,1142,61668,Southampton
TXN_5518,SHIP_V_1518,530310,Raw Jute,35,1540,53900,Port of London
TXN_5519,SHIP_V_1519,610910,Ready-made Garments,16,345,5520,Singapore
TXN_5520,SHIP_V_1520,382499,Industrial Chemicals,15,1418,21270,Port of London
TXN_5521,SHIP_V_1521,530310,Raw Jute,33,441,14553,Southampton
TXN_5522,SHIP_V_1522,854143,Solar Panels,36,1832,65952,Southampton
TXN_5523,SHIP_V_1523,854143,Solar Panels,37,244,9028,Chittagong
TXN_5524,SHIP_V_1524,851713,Smartphones,5,1761,8805,Southampton
TXN_5525,SHIP_V_1525,851713,Smartphones,2314,641,1483274,Chittagong
TXN_5526,SHIP_V_1526,851713,Smartphones,26,103,2678,Dhaka
TXN_5527,SHIP_V_1527,854143,Solar Panels,48,291,13968,Chittagong
TXN_5528,SHIP_V_1528,610910,Ready-made Garments,15,131,1965,Chittagong
TXN_5529,SHIP_V_1529,610910,Ready-made Garments,18,1659,29862,Dhaka
TXN_5530,SHIP_V_1530,530310,Raw Jute,48,1950,93600,Singapore
TXN_5531,SHIP_V_1531,610910,Ready-made Garments,42,495,20790,Singapore
TXN_5532,SHIP_V_1532,851713,Smartphones,19,1804,34276,Southampton
TXN_5533,SHIP_V_1533,851713,Smartphones,2367,758,1794186,Southampton
TXN_5534,SHIP_V_1534,851713,Smartphones,45,1929,86805,Singapore
TXN_5535,SHIP_V_1535,382499,Industrial Chemicals,31,118,3658,Dhaka
TXN_5536,SHIP_V_1536,851713,Smartphones,30,450,13500,Singapore
TXN_5537,SHIP_V_1537,851713,Smartphones,36,424,15264,Dhaka
TXN_5538,SHIP_V_1538,610910,Ready-made Garments,15,725,10875,Dhaka
TXN_5539,SHIP_V_1539,530310,Raw Jute,54,634,34236,Port of London
TXN_5540,SHIP_V_1540,610910,Ready-made Garments,54,499,26946,Port of London
TXN_5541,SHIP_V_1541,382499,Industrial Chemicals,60,584,35040,Southampton
TXN_5542,SHIP_V_1542,851713,Smartphones,2849,405,1153845,Singapore
TXN_5543,SHIP_V_1543,610910,Ready-made Garments,20,1660,33200,Southampton
TXN_5544,SHIP_V_1544,854143,Solar Panels,35,897,31395,Singapore
TXN_5545,SHIP_V_1545,851713,Smartphones,44,573,25212,Singapore
TXN_5546,SHIP_V_1546,610910,Ready-made Garments,17,1032,17544,Singapore
TXN_5547,SHIP_V_1547,610910,Ready-made Garments,29,1628,47212,Chittagong
TXN_5548,SHIP_V_1548,382499,Industrial Chemicals,33,528,17424,Chittagong
TXN_5549,SHIP_V_1549,851713,Smartphones,53,124,6572,Singapore
TXN_5550,SHIP_V_1550,530310,Raw Jute,17,1674,28458,Southampton
TXN_5551,SHIP_V_1551,851713,Smartphones,1161,309,358749,Southampton
TXN_5552,SHIP_V_1552,530310,Raw Jute,26,496,12896,Dhaka
TXN_5553,SHIP_V_1553,530310,Raw Jute,22,170,3740,Chittagong
TXN_5554,SHIP_V_1554,610910,Ready-made Garments,34,1326,45084,Southampton
TXN_5555,SHIP_V_1555,854143,Solar Panels,32,1527,48864,Chittagong
TXN_5556,SHIP_V_1556,382499,Industrial Chemicals,21,1022,21462,Dhaka
TXN_5557,SHIP_V_1557,854143,Solar Panels,37,837,30969,Southampton
TXN_5558,SHIP_V_1558,851713,Smartphones,55,1611,88605,Port of London
TXN_5559,SHIP_V_1559,610910,Ready-made Garments,15,1407,21105,Singapore
TXN_5560,SHIP_V_1560,530310,Raw Jute,19,1804,34276,Port of London
TXN_5561,SHIP_V_1561,382499,Industrial Chemicals,43,1703,73229,Dhaka
TXN_5562,SHIP_V_1562,851713,Smartphones,1674,207,346518,Dhaka
TXN_5563,SHIP_V_1563,530310,Raw Jute,42,1205,50610,Southampton
TXN_5564,SHIP_V_1564,382499,Industrial Chemicals,3650,815,2974750,Port of London
TXN_5565,SHIP_V_1565,530310,Raw Jute,32,1111,35552,Southampton
TXN_5566,SHIP_V_1566,854143,Solar Panels,28,388,10864,Port of London
TXN_5567,SHIP_V_1567,382499,Industrial Chemicals,49,1579,77371,Dhaka
TXN_5568,SHIP_V_1568,851713,Smartphones,22,1404,30888,Southampton
TXN_5569,SHIP_V_1569,851713,Smartphones,36,618,22248,Southampton
TXN_5570,SHIP_V_1570,382499,Industrial Chemicals,2052,380,779760,Chittagong
TXN_5571,SHIP_V_1571,851713,Smartphones,38,1288,48944,Singapore
TXN_5572,SHIP_V_1572,530310,Raw Jute,52,1693,88036,Port of London
TXN_5573,SHIP_V_1573,530310,Raw Jute,48,159,7632,Port of London
TXN_5574,SHIP_V_1574,854143,Solar Panels,28,1613,45164,Dhaka
TXN_5575,SHIP_V_1575,851713,Smartphones,28,1056,29568,Chittagong
TXN_5576,SHIP_V_1576,851713,Smartphones,4749,558,2649942,Port of London
TXN_5577,SHIP_V_1577,382499,Industrial Chemicals,40,183,7320,Southampton
TXN_5578,SHIP_V_1578,530310,Raw Jute,39,1650,64350,Dhaka
TXN_5579,SHIP_V_1579,530310,Raw Jute,42,280,11760,Dhaka
TXN_5580,SHIP_V_1580,851713,Smartphones,50,510,25500,Chittagong
TXN_5581,SHIP_V_1581,851713,Smartphones,37,135,4995,Singapore
TXN_5582,SHIP_V_1582,851713,Smartphones,4336,695,3013520,Southampton
TXN_5583,SHIP_V_1583,851713,Smartphones,24,371,8904,Singapore
TXN_5584,SHIP_V_1584,382499,Industrial Chemicals,3538,820,2901160,Chittagong
TXN_5585,SHIP_V_1585,530310,Raw Jute,33,1840,60720,Singapore
TXN_5586,SHIP_V_1586,851713,Smartphones,41,1317,53997,Southampton
TXN_5587,SHIP_V_1587,610910,Ready-made Garments,32,1398,44736,Chittagong
TXN_5588,SHIP_V_1588,851713,Smartphones,58,1387,80446,Dhaka
TXN_5589,SHIP_V_1589,382499,Industrial Chemicals,23,934,21482,Singapore
TXN_5590,SHIP_V_1590,382499,Industrial Chemicals,1,628,628,Southampton
TXN_5591,SHIP_V_1591,382499,Industrial Chemicals,23,1873,43079,Chittagong
TXN_5592,SHIP_V_1592,854143,Solar Panels,37,1712,63344,Dhaka
TXN_5593,SHIP_V_1593,610910,Ready-made Garments,39,1140,44460,Dhaka
TXN_5594,SHIP_V_1594,851713,Smartphones,26,343,8918,Port of London
TXN_5595,SHIP_V_1595,851713,Smartphones,43,171,7353,Dhaka
TXN_5596,SHIP_V_1596,851713,Smartphones,5,1004,5020,Southampton
TXN_5597,SHIP_V_1597,610910,Ready-made Garments,28,738,20664,Port of London
TXN_5598,SHIP_V_1598,851713,Smartphones,1169,259,302771,Dhaka
TXN_5599,SHIP_V_1599,851713,Smartphones,56,295,16520,Chittagong
TXN_5600,SHIP_V_1600,854143,Solar Panels,16,180,2880,Chittagong
TXN_5601,SHIP_V_1601,610910,Ready-made Garments,56,1457,81592,Chittagong
TXN_5602,SHIP_V_1602,382499,Industrial Chemicals,50,1439,71950,Port of London
TXN_5603,SHIP_V_1603,851713,Smartphones,47,799,37553,Singapore
TXN_5604,SHIP_V_1604,851713,Smartphones,45,754,33930,Chittagong
TXN_5605,SHIP_V_1605,851713,Smartphones,43,833,35819,Chittagong
TXN_5606,SHIP_V_1606,530310,Raw Jute,35,1741,60935,Dhaka
TXN_5607,SHIP_V_1607,530310,Raw Jute,34,424,14416,Singapore
TXN_5608,SHIP_V_1608,530310,Raw Jute,16,312,4992,Port of London
TXN_5609,SHIP_V_1609,854143,Solar Panels,57,1091,62187,Port of London
TXN_5610,SHIP_V_1610,530310,Raw Jute,25,1050,26250,Singapore
TXN_5611,SHIP_V_1611,851713,Smartphones,20,1362,27240,Southampton
TXN_5612,SHIP_V_1612,382499,Industrial Chemicals,34,316,10744,Dhaka
TXN_5613,SHIP_V_1613,851713,Smartphones,15,1333,19995,Singapore
TXN_5614,SHIP_V_1614,382499,Industrial Chemicals,36,238,8568,Port of London
TXN_5615,SHIP_V_1615,610910,Ready-made Garments,43,1714,73702,Singapore
TXN_5616,SHIP_V_1616,382499,Industrial Chemicals,40,228,9120,Port of London
TXN_5617,SHIP_V_1617,382499,Industrial Chemicals,34,701,23834,Chittagong
TXN_5618,SHIP_V_1618,610910,Ready-made Garments,54,1384,74736,Southampton
TXN_5619,SHIP_V_1619,382499,Industrial Chemicals,16,1914,30624,Singapore
TXN_5620,SHIP_V_1620,854143,Solar Panels,29,1212,35148,Port of London
TXN_5621,SHIP_V_1621,851713,Smartphones,2780,633,1759740,Singapore
TXN_5622,SHIP_V_1622,382499,Industrial Chemicals,4993,935,4668455,Singapore
TXN_5623,SHIP_V_1623,610910,Ready-made Garments,16,313,5008,Singapore
TXN_5624,SHIP_V_1624,382499,Industrial Chemicals,19,107,2033,Dhaka
TXN_5625,SHIP_V_1625,382499,Industrial Chemicals,41,354,14514,Dhaka
TXN_5626,SHIP_V_1626,854143,Solar Panels,59,129,7611,Southampton
TXN_5627,SHIP_V_1627,854143,Solar Panels,15,1888,28320,Singapore
TXN_5628,SHIP_V_1628,854143,Solar Panels,51,815,41565,Chittagong
TXN_5629,SHIP_V_1629,610910,Ready-made Garments,56,1839,102984,Port of London
TXN_5630,SHIP_V_1630,530310,Raw Jute,46,369,16974,Dhaka
TXN_5631,SHIP_V_1631,851713,Smartphones,49,1277,62573,Port of London
TXN_5632,SHIP_V_1632,610910,Ready-made Garments,43,1033,44419,Southampton
TXN_5633,SHIP_V_1633,854143,Solar Panels,43,810,34830,Singapore
TXN_5634,SHIP_V_1634,610910,Ready-made Garments,23,430,9890,Southampton
TXN_5635,SHIP_V_1635,382499,Industrial Chemicals,58,1640,95120,Southampton
TXN_5636,SHIP_V_1636,530310,Raw Jute,37,1443,53391,Southampton
TXN_5637,SHIP_V_1637,382499,Industrial Chemicals,2395,917,2196215,Singapore
TXN_5638,SHIP_V_1638,530310,Raw Jute,60,596,35760,Port of London
TXN_5639,SHIP_V_1639,530310,Raw Jute,32,1051,33632,Dhaka
TXN_5640,SHIP_V_1640,610910,Ready-made Garments,58,720,41760,Port of London
TXN_5641,SHIP_V_1641,382499,Industrial Chemicals,32,1021,32672,Port of London
TXN_5642,SHIP_V_1642,854143,Solar Panels,39,379,14781,Southampton
TXN_5643,SHIP_V_1643,610910,Ready-made Garments,15,385,5775,Port of London
TXN_5644,SHIP_V_1644,854143,Solar Panels,27,782,21114,Singapore
TXN_5645,SHIP_V_1645,851713,Smartphones,35,678,23730,Southampton
TXN_5646,SHIP_V_1646,854143,Solar Panels,34,1775,60350,Dhaka
TXN_5647,SHIP_V_1647,851713,Smartphones,32,677,21664,Port of London
TXN_5648,SHIP_V_1648,610910,Ready-made Garments,48,191,9168,Singapore
TXN_5649,SHIP_V_1649,854143,Solar Panels,48,1889,90672,Southampton
TXN_5650,SHIP_V_1650,382499,Industrial Chemicals,29,1114,32306,Singapore
TXN_5651,SHIP_V_1651,851713,Smartphones,16,126,2016,Southampton
TXN_5652,SHIP_V_1652,610910,Ready-made Garments,20,1785,35700,Chittagong
TXN_5653,SHIP_V_1653,854143,Solar Panels,57,476,27132,Chittagong
TXN_5654,SHIP_V_1654,382499,Industrial Chemicals,3,545,1635,Dhaka
TXN_5655,SHIP_V_1655,530310,Raw Jute,42,1422,59724,Port of London
TXN_5656,SHIP_V_1656,530310,Raw Jute,57,1962,111834,Dhaka
TXN_5657,SHIP_V_1657,854143,Solar Panels,52,1246,64792,Chittagong
TXN_5658,SHIP_V_1658,530310,Raw Jute,46,708,32568,Port of London
TXN_5659,SHIP_V_1659,610910,Ready-made Garments,39,850,33150,Chittagong
TXN_5660,SHIP_V_1660,851713,Smartphones,18,1043,18774,Southampton
TXN_5661,SHIP_V_1661,851713,Smartphones,23,495,11385,Southampton
TXN_5662,SHIP_V_1662,610910,Ready-made Garments,40,1132,45280,Dhaka
TXN_5663,SHIP_V_1663,530310,Raw Jute,58,114,6612,Southampton
TXN_5664,SHIP_V_1664,854143,Solar Panels,50,1152,57600,Southampton
TXN_5665,SHIP_V_1665,382499,Industrial Chemicals,4989,580,2893620,Southampton
TXN_5666,SHIP_V_1666,610910,Ready-made Garments,42,318,13356,Dhaka
TXN_5667,SHIP_V_1667,851713,Smartphones,16,145,2320,Chittagong
TXN_5668,SHIP_V_1668,530310,Raw Jute,29,1308,37932,Southampton
TXN_5669,SHIP_V_1669,382499,Industrial Chemicals,57,1898,108186,Port of London
TXN_5670,SHIP_V_1670,382499,Industrial Chemicals,1450,418,606100,Dhaka
TXN_5671,SHIP_V_1671,530310,Raw Jute,54,883,47682,Port of London
TXN_5672,SHIP_V_1672,382499,Industrial Chemicals,57,648,36936,Singapore
TXN_5673,SHIP_V_1673,610910,Ready-made Garments,49,598,29302,Singapore
TXN_5674,SHIP_V_1674,382499,Industrial Chemicals,3,1507,4521,Port of London
TXN_5675,SHIP_V_1675,851713,Smartphones,34,1721,58514,Chittagong
TXN_5676,SHIP_V_1676,382499,Industrial Chemicals,1943,402,781086,Southampton
TXN_5677,SHIP_V_1677,530310,Raw Jute,21,1837,38577,Chittagong
TXN_5678,SHIP_V_1678,610910,Ready-made Garments,27,1823,49221,Dhaka
TXN_5679,SHIP_V_1679,610910,Ready-made Garments,57,542,30894,Chittagong
TXN_5680,SHIP_V_1680,610910,Ready-made Garments,56,485,27160,Southampton
TXN_5681,SHIP_V_1681,382499,Industrial Chemicals,3,1003,3009,Chittagong
TXN_5682,SHIP_V_1682,530310,Raw Jute,52,706,36712,Singapore
TXN_5683,SHIP_V_1683,851713,Smartphones,55,266,14630,Chittagong
TXN_5684,SHIP_V_1684,382499,Industrial Chemicals,44,615,27060,Port of London
TXN_5685,SHIP_V_1685,530310,Raw Jute,43,1769,76067,Chittagong
TXN_5686,SHIP_V_1686,851713,Smartphones,2,1530,3060,Dhaka
TXN_5687,SHIP_V_1687,382499,Industrial Chemicals,60,1894,113640,Singapore
TXN_5688,SHIP_V_1688,530310,Raw Jute,19,1235,23465,Singapore
TXN_5689,SHIP_V_1689,382499,Industrial Chemicals,5,1667,8335,Dhaka
TXN_5690,SHIP_V_1690,530310,Raw Jute,32,1048,33536,Chittagong
TXN_5691,SHIP_V_1691,530310,Raw Jute,52,1404,73008,Southampton
TXN_5692,SHIP_V_1692,851713,Smartphones,38,138,5244,Southampton
TXN_5693,SHIP_V_1693,854143,Solar Panels,32,750,24000,Singapore
TXN_5694,SHIP_V_1694,530310,Raw Jute,20,472,9440,Dhaka
TXN_5695,SHIP_V_1695,610910,Ready-made Garments,28,1805,50540,Chittagong
TXN_5696,SHIP_V_1696,382499,Industrial Chemicals,36,161,5796,Southampton
TXN_5697,SHIP_V_1697,530310,Raw Jute,22,1944,42768,Port of London
TXN_5698,SHIP_V_1698,610910,Ready-made Garments,22,1169,25718,Port of London
TXN_5699,SHIP_V_1699,530310,Raw Jute,33,900,29700,Southampton
TXN_5700,SHIP_V_1700,851713,Smartphones,31,280,8680,Southampton
TXN_5701,SHIP_V_1701,530310,Raw Jute,36,1086,39096,Port of London
TXN_5702,SHIP_V_1702,382499,Industrial Chemicals,2488,589,1465432,Dhaka
TXN_5703,SHIP_V_1703,851713,Smartphones,28,376,10528,Dhaka
TXN_5704,SHIP_V_1704,610910,Ready-made Garments,40,630,25200,Port of London
TXN_5705,SHIP_V_1705,610910,Ready-made Garments,51,1646,83946,Singapore
TXN_5706,SHIP_V_1706,530310,Raw Jute,48,408,19584,Port of London
TXN_5707,SHIP_V_1707,854143,Solar Panels,50,422,21100,Dhaka
TXN_5708,SHIP_V_1708,530310,Raw Jute,23,148,3404,Singapore
TXN_5709,SHIP_V_1709,851713,Smartphones,55,672,36960,Port of London
TXN_5710,SHIP_V_1710,530310,Raw Jute,27,907,24489,Singapore
TXN_5711,SHIP_V_1711,610910,Ready-made Garments,33,882,29106,Singapore
TXN_5712,SHIP_V_1712,530310,Raw Jute,31,1917,59427,Chittagong
TXN_5713,SHIP_V_1713,610910,Ready-made Garments,24,1746,41904,Singapore
TXN_5714,SHIP_V_1714,382499,Industrial Chemicals,31,1276,39556,Chittagong
TXN_5715,SHIP_V_1715,382499,Industrial Chemicals,31,1360,42160,Port of London
TXN_5716,SHIP_V_1716,382499,Industrial Chemicals,51,1085,55335,Dhaka
TXN_5717,SHIP_V_1717,854143,Solar Panels,24,360,8640,Dhaka
TXN_5718,SHIP_V_1718,530310,Raw Jute,54,1352,73008,Singapore
TXN_5719,SHIP_V_1719,851713,Smartphones,46,658,30268,Chittagong
TXN_5720,SHIP_V_1720,530310,Raw Jute,40,1925,77000,Port of London
TXN_5721,SHIP_V_1721,530310,Raw Jute,25,1649,41225,Port of London
TXN_5722,SHIP_V_1722,851713,Smartphones,51,553,28203,Chittagong
TXN_5723,SHIP_V_1723,854143,Solar Panels,52,1594,82888,Singapore
TXN_5724,SHIP_V_1724,854143,Solar Panels,59,1115,65785,Southampton
TXN_5725,SHIP_V_1725,530310,Raw Jute,27,181,4887,Southampton
TXN_5726,SHIP_V_1726,382499,Industrial Chemicals,43,891,38313,Chittagong
TXN_5727,SHIP_V_1727,851713,Smartphones,44,1590,69960,Port of London
TXN_5728,SHIP_V_1728,854143,Solar Panels,30,1823,54690,Chittagong
TXN_5729,SHIP_V_1729,610910,Ready-made Garments,42,198,8316,Singapore
TXN_5730,SHIP_V_1730,610910,Ready-made Garments,29,1628,47212,Southampton
TXN_5731,SHIP_V_1731,610910,Ready-made Garments,45,1691,76095,Dhaka
TXN_5732,SHIP_V_1732,610910,Ready-made Garments,31,960,29760,Chittagong
TXN_5733,SHIP_V_1733,854143,Solar Panels,46,1623,74658,Port of London
TXN_5734,SHIP_V_1734,382499,Industrial Chemicals,4632,769,3562008,Dhaka
TXN_5735,SHIP_V_1735,382499,Industrial Chemicals,3812,535,2039420,Singapore
TXN_5736,SHIP_V_1736,854143,Solar Panels,17,473,8041,Chittagong
TXN_5737,SHIP_V_1737,530310,Raw Jute,55,128,7040,Singapore
TXN_5738,SHIP_V_1738,530310,Raw Jute,39,1486,57954,Port of London
TXN_5739,SHIP_V_1739,530310,Raw Jute,30,1351,40530,Singapore
TXN_5740,SHIP_V_1740,610910,Ready-made Garments,46,118,5428,Southampton
TXN_5741,SHIP_V_1741,530310,Raw Jute,46,554,25484,Port of London
TXN_5742,SHIP_V_1742,854143,Solar Panels,42,1590,66780,Dhaka
TXN_5743,SHIP_V_1743,610910,Ready-made Garments,17,619,10523,Southampton
TXN_5744,SHIP_V_1744,530310,Raw Jute,20,1488,29760,Chittagong
TXN_5745,SHIP_V_1745,530310,Raw Jute,19,1945,36955,Chittagong
TXN_5746,SHIP_V_1746,854143,Solar Panels,33,318,10494,Southampton
TXN_5747,SHIP_V_1747,610910,Ready-made Garments,29,1513,43877,Port of London
TXN_5748,SHIP_V_1748,851713,Smartphones,54,1839,99306,Dhaka
TXN_5749,SHIP_V_1749,610910,Ready-made Garments,53,1066,56498,Chittagong
TXN_5750,SHIP_V_1750,610910,Ready-made Garments,27,277,7479,Port of London
TXN_5751,SHIP_V_1751,851713,Smartphones,30,726,21780,Dhaka
TXN_5752,SHIP_V_1752,851713,Smartphones,49,121,5929,Singapore
TXN_5753,SHIP_V_1753,382499,Industrial Chemicals,21,893,18753,Port of London
TXN_5754,SHIP_V_1754,854143,Solar Panels,21,1637,34377,Singapore
TXN_5755,SHIP_V_1755,610910,Ready-made Garments,28,1289,36092,Singapore
TXN_5756,SHIP_V_1756,854143,Solar Panels,27,452,12204,Southampton
TXN_5757,SHIP_V_1757,851713,Smartphones,47,506,23782,Port of London
TXN_5758,SHIP_V_1758,382499,Industrial Chemicals,22,255,5610,Dhaka
TXN_5759,SHIP_V_1759,851713,Smartphones,35,1494,52290,Singapore
TXN_5760,SHIP_V_1760,530310,Raw Jute,24,380,9120,Dhaka
TXN_5761,SHIP_V_1761,854143,Solar Panels,26,744,19344,Dhaka
TXN_5762,SHIP_V_1762,851713,Smartphones,53,1245,65985,Southampton
TXN_5763,SHIP_V_1763,610910,Ready-made Garments,33,394,13002,Dhaka
TXN_5764,SHIP_V_1764,382499,Industrial Chemicals,2776,587,1629512,Chittagong
TXN_5765,SHIP_V_1765,530310,Raw Jute,56,1737,97272,Port of London
TXN_5766,SHIP_V_1766,851713,Smartphones,58,958,55564,Southampton
TXN_5767,SHIP_V_1767,382499,Industrial Chemicals,47,1272,59784,Southampton
TXN_5768,SHIP_V_1768,382499,Industrial Chemicals,24,1687,40488,Port of London
TXN_5769,SHIP_V_1769,854143,Solar Panels,25,985,24625,Dhaka
TXN_5770,SHIP_V_1770,854143,Solar Panels,42,837,35154,Southampton
TXN_5771,SHIP_V_1771,851713,Smartphones,2190,667,1460730,Dhaka
TXN_5772,SHIP_V_1772,382499,Industrial Chemicals,49,1146,56154,Dhaka
TXN_5773,SHIP_V_1773,382499,Industrial Chemicals,53,592,31376,Singapore
TXN_5774,SHIP_V_1774,854143,Solar Panels,34,1977,67218,Singapore
TXN_5775,SHIP_V_1775,610910,Ready-made Garments,60,1659,99540,Southampton
TXN_5776,SHIP_V_1776,382499,Industrial Chemicals,60,145,8700,Port of London
TXN_5777,SHIP_V_1777,382499,Industrial Chemicals,45,1120,50400,Port of London
TXN_5778,SHIP_V_1778,851713,Smartphones,41,1047,42927,Singapore
TXN_5779,SHIP_V_1779,851713,Smartphones,4,922,3688,Dhaka
TXN_5780,SHIP_V_1780,382499,Industrial Chemicals,4150,554,2299100,Chittagong
TXN_5781,SHIP_V_1781,851713,Smartphones,19,1127,21413,Singapore
TXN_5782,SHIP_V_1782,610910,Ready-made Garments,16,1820,29120,Dhaka
TXN_5783,SHIP_V_1783,610910,Ready-made Garments,15,708,10620,Southampton
TXN_5784,SHIP_V_1784,610910,Ready-made Garments,60,1257,75420,Singapore
TXN_5785,SHIP_V_1785,854143,Solar Panels,15,1417,21255,Chittagong
TXN_5786,SHIP_V_1786,382499,Industrial Chemicals,20,1854,37080,Dhaka
TXN_5787,SHIP_V_1787,610910,Ready-made Garments,35,748,26180,Southampton
TXN_5788,SHIP_V_1788,530310,Raw Jute,29,1188,34452,Chittagong
TXN_5789,SHIP_V_1789,530310,Raw Jute,35,1700,59500,Dhaka
TXN_5790,SHIP_V_1790,854143,Solar Panels,27,1478,39906,Singapore
TXN_5791,SHIP_V_1791,530310,Raw Jute,15,1298,19470,Chittagong
TXN_5792,SHIP_V_1792,854143,Solar Panels,27,1805,48735,Chittagong
TXN_5793,SHIP_V_1793,851713,Smartphones,42,600,25200,Dhaka
TXN_5794,SHIP_V_1794,530310,Raw Jute,27,1308,35316,Dhaka
TXN_5795,SHIP_V_1795,382499,Industrial Chemicals,1591,428,680948,Singapore
TXN_5796,SHIP_V_1796,851713,Smartphones,45,605,27225,Singapore
TXN_5797,SHIP_V_1797,854143,Solar Panels,22,1112,24464,Chittagong
TXN_5798,SHIP_V_1798,382499,Industrial Chemicals,2056,762,1566672,Port of London
TXN_5799,SHIP_V_1799,851713,Smartphones,43,320,13760,Port of London
TXN_5800,SHIP_V_1800,530310,Raw Jute,39,854,33306,Chittagong
TXN_5801,SHIP_V_1801,610910,Ready-made Garments,39,1692,65988,Dhaka
TXN_5802,SHIP_V_1802,610910,Ready-made Garments,52,339,17628,Southampton
TXN_5803,SHIP_V_1803,851713,Smartphones,22,1400,30800,Chittagong
TXN_5804,SHIP_V_1804,382499,Industrial Chemicals,16,563,9008,Chittagong
TXN_5805,SHIP_V_1805,851713,Smartphones,46,1795,82570,Chittagong
TXN_5806,SHIP_V_1806,610910,Ready-made Garments,47,1958,92026,Singapore
TXN_5807,SHIP_V_1807,851713,Smartphones,40,1615,64600,Dhaka
TXN_5808,SHIP_V_1808,854143,Solar Panels,16,1631,26096,Port of London
TXN_5809,SHIP_V_1809,530310,Raw Jute,56,1231,68936,Port of London
TXN_5810,SHIP_V_1810,851713,Smartphones,21,1630,34230,Dhaka
TXN_5811,SHIP_V_1811,854143,Solar Panels,30,1592,47760,Singapore
TXN_5812,SHIP_V_1812,851713,Smartphones,3,1521,4563,Southampton
TXN_5813,SHIP_V_1813,851713,Smartphones,60,836,50160,Chittagong
TXN_5814,SHIP_V_1814,382499,Industrial Chemicals,53,1417,75101,Singapore
TXN_5815,SHIP_V_1815,382499,Industrial Chemicals,44,299,13156,Port of London
TXN_5816,SHIP_V_1816,530310,Raw Jute,39,592,23088,Dhaka
TXN_5817,SHIP_V_1817,854143,Solar Panels,45,569,25605,Dhaka
TXN_5818,SHIP_V_1818,530310,Raw Jute,51,889,45339,Dhaka
TXN_5819,SHIP_V_1819,851713,Smartphones,21,1581,33201,Chittagong
TXN_5820,SHIP_V_1820,610910,Ready-made Garments,53,1238,65614,Singapore
TXN_5821,SHIP_V_1821,851713,Smartphones,3692,810,2990520,Port of London
TXN_5822,SHIP_V_1822,530310,Raw Jute,51,1539,78489,Chittagong
TXN_5823,SHIP_V_1823,610910,Ready-made Garments,23,599,13777,Singapore
TXN_5824,SHIP_V_1824,530310,Raw Jute,19,1402,26638,Port of London
TXN_5825,SHIP_V_1825,530310,Raw Jute,23,730,16790,Port of London
TXN_5826,SHIP_V_1826,382499,Industrial Chemicals,23,1953,44919,Southampton
TXN_5827,SHIP_V_1827,530310,Raw Jute,50,1232,61600,Chittagong
TXN_5828,SHIP_V_1828,610910,Ready-made Garments,54,142,7668,Singapore
TXN_5829,SHIP_V_1829,851713,Smartphones,2741,534,1463694,Southampton
TXN_5830,SHIP_V_1830,530310,Raw Jute,59,1925,113575,Dhaka
TXN_5831,SHIP_V_1831,851713,Smartphones,57,578,32946,Chittagong
TXN_5832,SHIP_V_1832,851713,Smartphones,2478,475,1177050,Singapore
TXN_5833,SHIP_V_1833,854143,Solar Panels,46,1504,69184,Dhaka
TXN_5834,SHIP_V_1834,382499,Industrial Chemicals,20,1198,23960,Southampton
TXN_5835,SHIP_V_1835,382499,Industrial Chemicals,48,666,31968,Port of London
TXN_5836,SHIP_V_1836,854143,Solar Panels,48,161,7728,Southampton
TXN_5837,SHIP_V_1837,610910,Ready-made Garments,29,961,27869,Southampton
TXN_5838,SHIP_V_1838,851713,Smartphones,2532,918,2324376,Southampton
TXN_5839,SHIP_V_1839,851713,Smartphones,46,1205,55430,Port of London
TXN_5840,SHIP_V_1840,382499,Industrial Chemicals,27,1870,50490,Singapore
TXN_5841,SHIP_V_1841,382499,Industrial Chemicals,39,1188,46332,Dhaka
TXN_5842,SHIP_V_1842,610910,Ready-made Garments,52,332,17264,Port of London
TXN_5843,SHIP_V_1843,382499,Industrial Chemicals,51,1282,65382,Port of London
TXN_5844,SHIP_V_1844,854143,Solar Panels,17,1246,21182,Dhaka
TXN_5845,SHIP_V_1845,851713,Smartphones,3337,843,2813091,Southampton
TXN_5846,SHIP_V_1846,382499,Industrial Chemicals,23,1837,42251,Chittagong
TXN_5847,SHIP_V_1847,610910,Ready-made Garments,52,1198,62296,Dhaka
TXN_5848,SHIP_V_1848,530310,Raw Jute,38,1172,44536,Dhaka
TXN_5849,SHIP_V_1849,854143,Solar Panels,49,267,13083,Singapore
TXN_5850,SHIP_V_1850,530310,Raw Jute,45,1520,68400,Port of London
TXN_5851,SHIP_V_1851,851713,Smartphones,20,1350,27000,Singapore
TXN_5852,SHIP_V_1852,851713,Smartphones,26,560,14560,Dhaka
TXN_5853,SHIP_V_1853,854143,Solar Panels,25,1320,33000,Port of London
TXN_5854,SHIP_V_1854,382499,Industrial Chemicals,49,1970,96530,Chittagong
TXN_5855,SHIP_V_1855,530310,Raw Jute,33,130,4290,Southampton
TXN_5856,SHIP_V_1856,610910,Ready-made Garments,21,313,6573,Southampton
TXN_5857,SHIP_V_1857,851713,Smartphones,3,1283,3849,Southampton
TXN_5858,SHIP_V_1858,851713,Smartphones,2762,306,845172,Dhaka
TXN_5859,SHIP_V_1859,854143,Solar Panels,51,1928,98328,Chittagong
TXN_5860,SHIP_V_1860,851713,Smartphones,40,657,26280,Southampton
TXN_5861,SHIP_V_1861,610910,Ready-made Garments,17,487,8279,Port of London
TXN_5862,SHIP_V_1862,851713,Smartphones,26,686,17836,Dhaka
TXN_5863,SHIP_V_1863,854143,Solar Panels,49,1993,97657,Singapore
TXN_5864,SHIP_V_1864,530310,Raw Jute,38,1539,58482,Southampton
TXN_5865,SHIP_V_1865,382499,Industrial Chemicals,54,1638,88452,Port of London
TXN_5866,SHIP_V_1866,851713,Smartphones,20,1089,21780,Southampton
TXN_5867,SHIP_V_1867,851713,Smartphones,2,1915,3830,Chittagong
TXN_5868,SHIP_V_1868,851713,Smartphones,2916,521,1519236,Southampton
TXN_5869,SHIP_V_1869,851713,Smartphones,54,1426,77004,Chittagong
TXN_5870,SHIP_V_1870,382499,Industrial Chemicals,28,1889,52892,Singapore
TXN_5871,SHIP_V_1871,610910,Ready-made Garments,51,714,36414,Singapore
TXN_5872,SHIP_V_1872,610910,Ready-made Garments,16,1046,16736,Singapore
TXN_5873,SHIP_V_1873,382499,Industrial Chemicals,35,1310,45850,Chittagong
TXN_5874,SHIP_V_1874,382499,Industrial Chemicals,31,1366,42346,Chittagong
TXN_5875,SHIP_V_1875,382499,Industrial Chemicals,24,650,15600,Southampton
TXN_5876,SHIP_V_1876,382499,Industrial Chemicals,44,213,9372,Singapore
TXN_5877,SHIP_V_1877,851713,Smartphones,24,525,12600,Southampton
TXN_5878,SHIP_V_1878,851713,Smartphones,23,348,8004,Port of London
TXN_5879,SHIP_V_1879,851713,Smartphones,2919,564,1646316,Singapore
TXN_5880,SHIP_V_1880,854143,Solar Panels,20,1145,22900,Southampton
TXN_5881,SHIP_V_1881,851713,Smartphones,42,1025,43050,Singapore
TXN_5882,SHIP_V_1882,382499,Industrial Chemicals,4174,831,3468594,Southampton
TXN_5883,SHIP_V_1883,854143,Solar Panels,59,1512,89208,Singapore
TXN_5884,SHIP_V_1884,382499,Industrial Chemicals,38,482,18316,Port of London
TXN_5885,SHIP_V_1885,851713,Smartphones,36,643,23148,Singapore
TXN_5886,SHIP_V_1886,382499,Industrial Chemicals,36,804,28944,Chittagong
TXN_5887,SHIP_V_1887,854143,Solar Panels,22,1373,30206,Dhaka
TXN_5888,SHIP_V_1888,382499,Industrial Chemicals,2604,392,1020768,Chittagong
TXN_5889,SHIP_V_1889,610910,Ready-made Garments,15,1521,22815,Chittagong
TXN_5890,SHIP_V_1890,530310,Raw Jute,23,528,12144,Dhaka
TXN_5891,SHIP_V_1891,530310,Raw Jute,17,1431,24327,Southampton
TXN_5892,SHIP_V_1892,851713,Smartphones,45,508,22860,Port of London
TXN_5893,SHIP_V_1893,530310,Raw Jute,25,1022,25550,Singapore
TXN_5894,SHIP_V_1894,610910,Ready-made Garments,51,1033,52683,Singapore
TXN_5895,SHIP_V_1895,854143,Solar Panels,39,544,21216,Southampton
TXN_5896,SHIP_V_1896,851713,Smartphones,22,1238,27236,Singapore
TXN_5897,SHIP_V_1897,382499,Industrial Chemicals,1244,780,970320,Singapore
TXN_5898,SHIP_V_1898,851713,Smartphones,19,200,3800,Dhaka
TXN_5899,SHIP_V_1899,854143,Solar Panels,59,885,52215,Dhaka
TXN_5900,SHIP_V_1900,382499,Industrial Chemicals,1,1641,1641,Dhaka
TXN_5901,SHIP_V_1901,530310,Raw Jute,31,1732,53692,Dhaka
TXN_5902,SHIP_V_1902,610910,Ready-made Garments,41,1221,50061,Chittagong
TXN_5903,SHIP_V_1903,610910,Ready-made Garments,49,1795,87955,Southampton
TXN_5904,SHIP_V_1904,530310,Raw Jute,28,875,24500,Port of London
TXN_5905,SHIP_V_1905,851713,Smartphones,2585,540,1395900,Port of London
TXN_5906,SHIP_V_1906,530310,Raw Jute,34,725,24650,Chittagong
TXN_5907,SHIP_V_1907,530310,Raw Jute,52,1001,52052,Singapore
TXN_5908,SHIP_V_1908,854143,Solar Panels,22,1233,27126,Dhaka
TXN_5909,SHIP_V_1909,851713,Smartphones,58,1063,61654,Port of London
TXN_5910,SHIP_V_1910,851713,Smartphones,4,620,2480,Port of London
TXN_5911,SHIP_V_1911,851713,Smartphones,29,1114,32306,Port of London
TXN_5912,SHIP_V_1912,382499,Industrial Chemicals,1239,447,553833,Dhaka
TXN_5913,SHIP_V_1913,530310,Raw Jute,45,1348,60660,Singapore
TXN_5914,SHIP_V_1914,382499,Industrial Chemicals,1543,599,924257,Southampton
TXN_5915,SHIP_V_1915,851713,Smartphones,5,867,4335,Dhaka
TXN_5916,SHIP_V_1916,382499,Industrial Chemicals,1720,564,970080,Chittagong
TXN_5917,SHIP_V_1917,382499,Industrial Chemicals,1917,720,1380240,Chittagong
TXN_5918,SHIP_V_1918,530310,Raw Jute,24,1391,33384,Port of London
TXN_5919,SHIP_V_1919,851713,Smartphones,4,1566,6264,Port of London
TXN_5920,SHIP_V_1920,610910,Ready-made Garments,49,1496,73304,Southampton
TXN_5921,SHIP_V_1921,530310,Raw Jute,18,144,2592,Port of London
TXN_5922,SHIP_V_1922,382499,Industrial Chemicals,1705,218,371690,Singapore
TXN_5923,SHIP_V_1923,382499,Industrial Chemicals,18,1636,29448,Southampton
TXN_5924,SHIP_V_1924,610910,Ready-made Garments,35,1999,69965,Dhaka
TXN_5925,SHIP_V_1925,854143,Solar Panels,60,153,9180,Singapore
TXN_5926,SHIP_V_1926,610910,Ready-made Garments,45,1012,45540,Singapore
TXN_5927,SHIP_V_1927,382499,Industrial Chemicals,2907,268,779076,Dhaka
TXN_5928,SHIP_V_1928,851713,Smartphones,21,1770,37170,Southampton
TXN_5929,SHIP_V_1929,854143,Solar Panels,39,883,34437,Southampton
TXN_5930,SHIP_V_1930,851713,Smartphones,23,384,8832,Singapore
TXN_5931,SHIP_V_1931,610910,Ready-made Garments,32,1040,33280,Port of London
TXN_5932,SHIP_V_1932,851713,Smartphones,3451,530,1829030,Dhaka
TXN_5933,SHIP_V_1933,610910,Ready-made Garments,29,1228,35612,Southampton
TXN_5934,SHIP_V_1934,610910,Ready-made Garments,43,1095,47085,Singapore
TXN_5935,SHIP_V_1935,382499,Industrial Chemicals,57,1696,96672,Dhaka
TXN_5936,SHIP_V_1936,382499,Industrial Chemicals,2,1799,3598,Dhaka
TXN_5937,SHIP_V_1937,854143,Solar Panels,30,335,10050,Chittagong
TXN_5938,SHIP_V_1938,854143,Solar Panels,41,1375,56375,Southampton
TXN_5939,SHIP_V_1939,854143,Solar Panels,25,107,2675,Chittagong
TXN_5940,SHIP_V_1940,610910,Ready-made Garments,44,987,43428,Port of London
TXN_5941,SHIP_V_1941,610910,Ready-made Garments,35,1707,59745,Southampton
TXN_5942,SHIP_V_1942,530310,Raw Jute,17,263,4471,Southampton
TXN_5943,SHIP_V_1943,530310,Raw Jute,18,1110,19980,Southampton
TXN_5944,SHIP_V_1944,854143,Solar Panels,36,1069,38484,Southampton
TXN_5945,SHIP_V_1945,851713,Smartphones,46,1081,49726,Port of London
TXN_5946,SHIP_V_1946,854143,Solar Panels,47,1684,79148,Dhaka
TXN_5947,SHIP_V_1947,610910,Ready-made Garments,26,1051,27326,Dhaka
TXN_5948,SHIP_V_1948,854143,Solar Panels,30,1041,31230,Southampton
TXN_5949,SHIP_V_1949,610910,Ready-made Garments,52,1526,79352,Port of London
TXN_5950,SHIP_V_1950,382499,Industrial Chemicals,41,961,39401,Chittagong
TXN_5951,SHIP_V_1951,851713,Smartphones,26,630,16380,Southampton
TXN_5952,SHIP_V_1952,610910,Ready-made Garments,20,170,3400,Chittagong
TXN_5953,SHIP_V_1953,382499,Industrial Chemicals,41,1166,47806,Port of London
TXN_5954,SHIP_V_1954,530310,Raw Jute,22,1733,38126,Port of London
TXN_5955,SHIP_V_1955,851713,Smartphones,59,1801,106259,Southampton
TXN_5956,SHIP_V_1956,851713,Smartphones,50,1550,77500,Dhaka
TXN_5957,SHIP_V_1957,851713,Smartphones,33,1586,52338,Port of London
TXN_5958,SHIP_V_1958,382499,Industrial Chemicals,35,458,16030,Dhaka
TXN_5959,SHIP_V_1959,854143,Solar Panels,36,1399,50364,Southampton
TXN_5960,SHIP_V_1960,851713,Smartphones,2036,675,1374300,Southampton
TXN_5961,SHIP_V_1961,854143,Solar Panels,15,1305,19575,Port of London
TXN_5962,SHIP_V_1962,851713,Smartphones,4,1573,6292,Port of London
TXN_5963,SHIP_V_1963,382499,Industrial Chemicals,5,709,3545,Dhaka
TXN_5964,SHIP_V_1964,854143,Solar Panels,27,181,4887,Chittagong
TXN_5965,SHIP_V_1965,610910,Ready-made Garments,27,487,13149,Dhaka
TXN_5966,SHIP_V_1966,854143,Solar Panels,43,1299,55857,Port of London
TXN_5967,SHIP_V_1967,382499,Industrial Chemicals,44,646,28424,Port of London
TXN_5968,SHIP_V_1968,382499,Industrial Chemicals,57,1367,77919,Dhaka
TXN_5969,SHIP_V_1969,854143,Solar Panels,52,228,11856,Singapore
TXN_5970,SHIP_V_1970,382499,Industrial Chemicals,40,195,7800,Port of London
TXN_5971,SHIP_V_1971,854143,Solar Panels,15,1800,27000,Singapore
TXN_5972,SHIP_V_1972,610910,Ready-made Garments,40,1118,44720,Port of London
TXN_5973,SHIP_V_1973,530310,Raw Jute,29,1231,35699,Port of London
TXN_5974,SHIP_V_1974,382499,Industrial Chemicals,38,1805,68590,Dhaka
TXN_5975,SHIP_V_1975,610910,Ready-made Garments,32,1014,32448,Southampton
TXN_5976,SHIP_V_1976,530310,Raw Jute,30,213,6390,Port of London
TXN_5977,SHIP_V_1977,610910,Ready-made Garments,28,560,15680,Dhaka
TXN_5978,SHIP_V_1978,854143,Solar Panels,35,817,28595,Dhaka
TXN_5979,SHIP_V_1979,382499,Industrial Chemicals,43,121,5203,Southampton
TXN_5980,SHIP_V_1980,382499,Industrial Chemicals,31,1029,31899,Southampton
TXN_5981,SHIP_V_1981,382499,Industrial Chemicals,38,756,28728,Dhaka
TXN_5982,SHIP_V_1982,530310,Raw Jute,52,956,49712,Chittagong
TXN_5983,SHIP_V_1983,530310,Raw Jute,51,1227,62577,Dhaka
TXN_5984,SHIP_V_1984,854143,Solar Panels,40,1289,51560,Southampton
TXN_5985,SHIP_V_1985,854143,Solar Panels,20,1920,38400,Dhaka
TXN_5986,SHIP_V_1986,382499,Industrial Chemicals,43,641,27563,Southampton
TXN_5987,SHIP_V_1987,851713,Smartphones,2993,730,2184890,Dhaka
TXN_5988,SHIP_V_1988,382499,Industrial Chemicals,39,1858,72462,Singapore
TXN_5989,SHIP_V_1989,851713,Smartphones,48,810,38880,Southampton
TXN_5990,SHIP_V_1990,610910,Ready-made Garments,52,573,29796,Port of London
TXN_5991,SHIP_V_1991,851713,Smartphones,34,1869,63546,Chittagong
TXN_5992,SHIP_V_1992,851713,Smartphones,4558,574,2616292,Singapore
TXN_5993,SHIP_V_1993,851713,Smartphones,28,1804,50512,Singapore
TXN_5994,SHIP_V_1994,530310,Raw Jute,50,1621,81050,Singapore
TXN_5995,SHIP_V_1995,854143,Solar Panels,25,703,17575,Chittagong
TXN_5996,SHIP_V_1996,851713,Smartphones,59,1895,111805,Chittagong
TXN_5997,SHIP_V_1997,382499,Industrial Chemicals,32,1487,47584,Singapore
TXN_5998,SHIP_V_1998,854143,Solar Panels,56,416,23296,Port of London
TXN_5999,SHIP_V_1999,530310,Raw Jute,38,1049,39862,Dhaka
